kepoi_name,median_candidate_probability,lower_90pct,upper_90pct,interval_width,probability_std
K01560.01,0.6233393521237394,0.12715526348348224,0.9621432357159542,0.8349879722324719,0.28286926950842817
K00969.01,0.4130583736879164,0.07879403718466653,0.84336704660384,0.7645730094191735,0.2560424983071394
K05606.01,0.11471818521451244,0.03910234515761045,0.797085675565827,0.7579833304082165,0.21217221681913445
K03411.01,0.5595640286515711,0.14142306598534962,0.8992135322552776,0.757790466269928,0.2264749126771893
K00606.01,0.5058052119289369,0.1054653307607368,0.8506032227809437,0.7451378920202069,0.25128935116213413
K03891.01,0.2269336018131994,0.10382865479511472,0.8399893210559931,0.7361606662608784,0.18552514760222255
K03811.01,0.5962267411226289,0.17134237397894556,0.8930178510937468,0.7216754771148012,0.24476924546177764
K02379.01,0.32284429083256405,0.13357752508752663,0.8496066802915642,0.7160291552040375,0.2114145322078027
K01551.01,0.46352333397563994,0.06972629740434282,0.7833628930437141,0.7136365956393713,0.22949343007625903
K01227.01,0.26697460725276945,0.09008504977163428,0.8029474420724335,0.7128623923007993,0.211723064468491
K01468.01,0.41604990425512356,0.17353601924401868,0.8794570320300052,0.7059210127859865,0.2533065705972397
K01547.01,0.6345945506437873,0.17225343054245504,0.8728174016067657,0.7005639710643107,0.22941598878686803
K01918.01,0.5704607249100004,0.11652212497063905,0.8155830978904933,0.6990609729198543,0.2613622522709204
K01638.01,0.6005647889606898,0.22044821781448135,0.9144622948010553,0.694014076986574,0.28421799927260233
K01048.01,0.17393370549979525,0.06228744955696353,0.7559278370811223,0.6936403875241588,0.19671227106143402
K07832.01,0.4529873299174879,0.00998727368660832,0.6895532884927288,0.6795660148061204,0.2586754251396126
K00728.01,0.7086921464114807,0.25648159425390676,0.9351883663640074,0.6787067721101006,0.21566951138735987
K03902.01,0.5477502018826008,0.22931405886905123,0.9075306926976909,0.6782166338286397,0.21688611982294773
K04756.01,0.3642571865857388,0.13042144870868114,0.791074231535543,0.6606527828268619,0.2110720078298293
K03382.01,0.23545690016510268,0.09239517955439433,0.7513863613882587,0.6589911818338643,0.1991251075586606
K03471.01,0.10038017156707463,0.0224246487314369,0.6803598871829328,0.6579352384514959,0.22340043561551587
K06630.01,0.5606669131070138,0.1559933896832872,0.8084455114889398,0.6524521218056527,0.21123304843329624
K00452.01,0.5433980407422562,0.2262672436576318,0.8771665797698791,0.6508993361122473,0.199407985612513
K03771.01,0.32656603022581865,0.06362916359685905,0.7117602544450548,0.6481310908481956,0.2159396262930858
K01796.01,0.2376413920382645,0.09939212673521955,0.7467857778929615,0.647393651157742,0.2209825789234364
K04433.01,0.3856145785004126,0.17553816659252552,0.8108810444352627,0.6353428778427371,0.2256522645632593
K01734.01,0.7327032319085167,0.23965519471938368,0.8691016508718384,0.6294464561524548,0.1760710035591626
K05743.01,0.11715061174837244,0.03963894893252561,0.6661174614955835,0.6264785125630579,0.1685389793173002
K01416.01,0.22071431308813655,0.09343258297290054,0.7199096739463626,0.626477090973462,0.17882519418232232
K00744.02,0.3268195351358256,0.12721149315613073,0.7444232052360351,0.6172117120799043,0.1726844865181985
K05323.01,0.15294932273877543,0.09325001023923088,0.7078159981853401,0.6145659879461093,0.15620216550405217
K02142.01,0.6337561419493696,0.28171530772164294,0.8951724324701131,0.6134571247484701,0.18570471054731846
K00466.01,0.7082766309232493,0.31014498215908975,0.9231735975496205,0.6130286153905307,0.18684160203358097
K06314.01,0.25005547274428164,0.08997723350708384,0.7000398212330882,0.6100625877260043,0.19315689752187024
K01469.01,0.26028806845903185,0.12286669560449667,0.7258232309118451,0.6029565353073484,0.18748970417779606
K04527.01,0.4208633763632763,0.16471063749708584,0.7667087613045275,0.6019981238074417,0.19582788661850148
K02169.04,0.5107167722114391,0.12984699542934042,0.7312139026935602,0.6013669072642198,0.1604567582673707
K03780.01,0.10016290496704804,0.024298830567701418,0.6222478095676064,0.597948978999905,0.20768277513941752
K02262.01,0.3238303735982577,0.2151243730880915,0.8106444087614879,0.5955200356733964,0.17335464390149016
K07714.01,0.4126491956834124,0.1643769661285303,0.7591139204989863,0.5947369543704559,0.18112434142260772
K00929.02,0.5915706278066767,0.27787908485163304,0.8719695770765252,0.5940904922248922,0.18490954994649167
K00532.01,0.8357424224058336,0.3741937793471688,0.9668418886645574,0.5926481093173886,0.2021349833491853
K04800.01,0.4152047799218411,0.07817897002007607,0.6697992429840218,0.5916202729639457,0.2118987629923758
K03627.01,0.18990994542376297,0.07356542302993993,0.6638059765617459,0.5902405535318059,0.20329816433360162
K07618.01,0.3689763089460423,0.06105206491924923,0.6507747092951561,0.5897226443759069,0.18611602292491175
K08202.01,0.34581065922212817,0.0697700768960347,0.6588138461683419,0.5890437692723072,0.180734180689915
K00020.01,0.5164367080256579,0.35548467403623263,0.939177644891061,0.5836929708548284,0.17083284661989084
K02004.03,0.7195820147259895,0.27536642576800846,0.8572916901855411,0.5819252644175326,0.1719208657483275
K00774.01,0.1917567664096519,0.057201747782304975,0.6368394206819156,0.5796376728996105,0.2192843635650057
K00011.01,0.11765069878045376,0.022162368983589618,0.6014995756671336,0.579337206683544,0.18268313507268857
K02601.01,0.5605071159572982,0.22754321427720978,0.8048110447502086,0.5772678304729988,0.17233831253800416
K00175.01,0.41589833066815485,0.14784576002477845,0.72504630463748,0.5772005446127015,0.21205093288287746
K07964.01,0.06968687446079458,0.015286670220836672,0.5851482966871511,0.5698616264663144,0.14301063840611639
K07995.01,0.5384566371281165,0.26845043458522705,0.8367053951056176,0.5682549605203906,0.1920630788838028
K00793.01,0.14874179784594954,0.041825137405440936,0.605175997399142,0.563350859993701,0.1947241637901745
K04345.01,0.3957711880304041,0.19410822986064574,0.7513779866839168,0.557269756823271,0.16925821851248415
K01182.01,0.4790152448686824,0.1942214978616832,0.75078006425883,0.5565585663971468,0.18410620426634078
K00489.01,0.6902935740621952,0.3474559259643803,0.9034628684921497,0.5560069425277694,0.17157902928605265
K00089.02,0.796132172734071,0.3601757617487927,0.9116039683696291,0.5514282066208365,0.2068288318805781
K01303.01,0.7357009983213408,0.3197479362971808,0.8680592575590922,0.5483113212619114,0.16696805929049116
K01041.01,0.6346817662392482,0.3074817474852053,0.8545984373227006,0.5471166898374953,0.17964649067645017
K07719.01,0.22695085902015597,0.11533773341177148,0.6547885067084894,0.539450773296718,0.17993953330839446
K01790.01,0.8282693448352756,0.40262409043109154,0.9384384082040713,0.5358143177729797,0.15365766184496812
K06699.01,0.6387755596961606,0.3338727234125571,0.8691105042632729,0.5352377808507158,0.1639109817673215
K00108.02,0.8404056626847443,0.3583680328166174,0.8873846610336593,0.5290166282170419,0.1638457262456454
K04741.01,0.6134399652445579,0.34310937395266433,0.871099744881564,0.5279903709288998,0.16327949024499086
K02577.01,0.2600610357766808,0.15818100646189795,0.6855242206444869,0.527343214182589,0.15387044898273924
K00485.01,0.5771733219646054,0.38834838981385505,0.9138926718833864,0.5255442820695313,0.15784126171315255
K01991.01,0.14313564498273368,0.033389221589250936,0.5567547028293529,0.523365481240102,0.18026232832183173
K00939.03,0.7574688366369735,0.3916878435111183,0.9124743760574419,0.5207865325463236,0.18249588034313796
K03782.01,0.09616721748423611,0.03772686540822444,0.5579125974084946,0.5201857320002702,0.19488677173909166
K00151.01,0.5026631610701648,0.2543934167926857,0.7743061530151041,0.5199127362224184,0.16722106254676336
K04129.01,0.7841100360247276,0.3677485520657623,0.8873815081642484,0.5196329560984861,0.17157785777620713
K01391.01,0.13647219644894037,0.04713776761016633,0.5642451532316122,0.5171073856214459,0.15265845442831855
K07945.01,0.06729821916406935,0.039017346521325144,0.552726372388932,0.5137090258676068,0.17287263122107463
K07915.01,0.41843154505631897,0.08395475930722093,0.5969266013752524,0.5129718420680315,0.15127893642998905
K01340.01,0.554528714593774,0.3061056957142884,0.8182708767996614,0.5121651810853729,0.17264845440833784
K06532.01,0.3467283967694699,0.20972891153681888,0.7206915821008562,0.5109626705640373,0.15969733882718562
K02689.01,0.7242870807440301,0.3306611072166178,0.8403543286089914,0.5096932213923736,0.18524521915426417
K00160.01,0.6897722438392575,0.4172024707761199,0.9268285531226046,0.5096260823464847,0.15160866178201604
K07846.01,0.4594157950731059,0.2433796488669195,0.7526304260844463,0.5092507772175268,0.1527367720287418
K00243.01,0.12653293191476012,0.055752444676022174,0.5642513153566275,0.5084988706806054,0.16972919025947042
K07609.01,0.46878996331098144,0.2309045201940232,0.7382172909790562,0.507312770785033,0.16361871925420554
K01594.01,0.5590541354661924,0.3485750707934348,0.8541212376670281,0.5055461668735932,0.17595834526780532
K00384.01,0.6839738255792961,0.33385364124826344,0.8321219478930436,0.49826830664478017,0.125455742719235
K07929.01,0.24146576374182083,0.07577312388283491,0.5734673494290967,0.4976942255462618,0.16267630675889497
K01255.01,0.5182870752308197,0.14978306273701533,0.647444977895228,0.4976619151582127,0.15326401222830172
K04484.01,0.3282721766436557,0.12387274386311468,0.6212636523448662,0.49739090848175155,0.1530077653515531
K07812.01,0.4078093696186732,0.11507034599425543,0.6104875385195058,0.49541719252525035,0.14432763573358653
K07884.01,0.36891641069563463,0.1876281658838888,0.6806231637112078,0.492994997827319,0.14548632654791294
K01561.01,0.7383690300185741,0.46097308560314476,0.9531030460007998,0.492129960397655,0.19446497300424176
K03986.01,0.2631808719246751,0.0662971441303037,0.5516964009059125,0.48539925677560886,0.16379826873015732
K04382.01,0.5136890258024556,0.2772982353881607,0.7579423392971331,0.4806441039089724,0.14287503839052906
K00206.01,0.8187999823437409,0.45916552278886874,0.9372437465374646,0.4780782237485958,0.15984974378960537
K03418.01,0.7377812720401826,0.4341434197968386,0.9092071023298796,0.47506368253304093,0.1562543766863326
K04321.01,0.31286546290134176,0.13954010090830107,0.6139675042428882,0.4744274033345871,0.143075619460494
K07842.01,0.583520518351619,0.28631360270653783,0.7606311330784659,0.47431753037192803,0.15232274056117676
K07910.01,0.5648065112145839,0.330685907575304,0.8025392759145636,0.47185336833925967,0.14549758863876727
K01465.01,0.5630448701846553,0.31404428085710606,0.7808947024732068,0.46685042161610074,0.16486332205486653
K00729.01,0.6055457338508098,0.37527744167552063,0.8413134570133222,0.46603601533780153,0.1531543944374129
K04383.02,0.6572938713439278,0.34614135542022917,0.8100281208839506,0.46388676546372143,0.14800362633402753
K00360.01,0.837193822173852,0.47684895795152077,0.9394446495758776,0.4625956916243568,0.15388990566492616
K00244.01,0.9186392643201914,0.4936293332487265,0.9558105233229067,0.46218119007418024,0.15205970543529523
K04008.01,0.23977531021816872,0.11357882678688747,0.5754406398484699,0.46186181306158247,0.1375179210886666
K05149.01,0.3943366395801585,0.2030484026692421,0.6623459419565558,0.45929753928731376,0.13800676828876265
K08031.01,0.594922078339756,0.2988536476427309,0.75814001873834,0.4592863710956091,0.16375439667493505
K04193.01,0.6596335129915598,0.36845544723615015,0.8273552541783642,0.45889980694221405,0.13578194430564217
K04475.01,0.6977432447915234,0.39289122075428057,0.8508624781224081,0.45797125736812755,0.1430758151875616
K01628.02,0.33378048171054864,0.12262405138566412,0.579581383326765,0.4569573319411009,0.12313630807769768
K04380.01,0.6783222701413312,0.4561412570374968,0.9085953251767828,0.45245406813928596,0.15333150626578665
K00506.01,0.5255875688708742,0.304516033646743,0.7567581283217398,0.4522420946749968,0.14350962438695788
K04267.01,0.6465523303215994,0.31176006100321474,0.7622791915137617,0.45051913051054693,0.14670518506367553
K02270.01,0.6782184067416391,0.4177095667086102,0.8680269974988749,0.4503174307902647,0.14114267345000328
K04250.01,0.36736650837395224,0.12845125931302026,0.5783379536234879,0.4498866943104677,0.14873493523631537
K08278.01,0.688053170886066,0.42201216886254483,0.8688450791668456,0.4468329103043008,0.131431062197961
K02677.01,0.6154746213066697,0.2444009703236086,0.6892279224047309,0.4448269520811222,0.12285209150261273
K00087.01,0.7600325282046644,0.43779354612690524,0.8820161266413036,0.44422258051439834,0.1756616925313434
K04549.01,0.7302392700939024,0.4292905891967195,0.8716685891576802,0.4423779999609607,0.14337267259120381
K06213.01,0.12985671459032977,0.035750036085199936,0.47678346755478046,0.4410334314695805,0.136096206992752
K04606.01,0.5052465108785433,0.2529554836366993,0.693926503332486,0.44097101969578667,0.1453884761864632
K02692.01,0.5228813272457953,0.2690143191231756,0.7097641894414953,0.44074987031831975,0.11141475650019786
K07674.01,0.5550683564748511,0.2994659203351504,0.7398354253773082,0.44036950504215777,0.13960139112587414
K04086.01,0.3233164441948681,0.1148146659804515,0.554833182862138,0.44001851688168653,0.13949287413086534
K02769.01,0.3727879730585184,0.22535385624749604,0.6638328213383582,0.43847896509086215,0.14022325694670884
K02675.02,0.37759232011692595,0.17302995890908396,0.6105390156177696,0.4375090567086856,0.13527243144418394
K03880.01,0.4921906175428771,0.2661208297040301,0.7033575716237501,0.43723674191972,0.14280380874992338
K02433.05,0.2023955772771917,0.08181706900178855,0.5184948865174254,0.43667781751563683,0.13229324958096797
K01373.01,0.2044838234406462,0.11528683232351107,0.5510146653084002,0.4357278329848891,0.13377417687367038
K05724.01,0.7143511925328991,0.49090571260784677,0.9265257940113691,0.4356200814035224,0.15095757740679228
K01371.01,0.2591540865071986,0.05751172189396605,0.4924269235565136,0.43491520166254755,0.1311229121627098
K07931.01,0.5193782579171815,0.3123508710813753,0.7469003159436118,0.4345494448622365,0.13292095362833892
K01949.01,0.1850926559315551,0.08235037188701769,0.5166260458699562,0.43427567398293854,0.14022509106370326
K01505.01,0.673543677063877,0.4391816310629147,0.873392723984999,0.4342110929220843,0.13944692542065412
K02578.01,0.4991577892920638,0.3455744141318195,0.7793484502800421,0.4337740361482226,0.14425154382667882
K02863.01,0.44981803224053274,0.24045108379902266,0.6740863768371453,0.43363529303812265,0.134289111758227
K03749.01,0.22723542307176875,0.03446922143579762,0.4679939373357059,0.43352471589990826,0.15927129144966884
K06713.01,0.7240568108832401,0.40926664461139434,0.8417666391884072,0.4324999945770129,0.13285989004859503
K07976.01,0.7206896712517564,0.46310101127715286,0.8937448475374761,0.4306438362603232,0.1336580220411273
K02206.01,0.7173751012375176,0.432688062194193,0.8631179744450921,0.4304299122508991,0.12950614458661397
K06120.01,0.7871854955846724,0.4984381625672091,0.9273751289376767,0.42893696637046763,0.1260098575801579
K02350.01,0.6297846822192914,0.4062758580904074,0.834181834820582,0.42790597673017455,0.12749996354483895
K07986.01,0.18009825828604695,0.07659806753822299,0.5020357207138654,0.4254376531756424,0.14113380013168653
K05796.01,0.6121399722098302,0.3147381148090805,0.7379523334074997,0.4232142185984192,0.1304728868571131
K02803.01,0.5954403940374025,0.4206498082495521,0.8431210024333816,0.4224711941838295,0.13434749850869326
K04109.01,0.6076787984799379,0.31649796916842354,0.73823477619092,0.4217368070224965,0.13907673366443535
K08220.01,0.3290936036410529,0.07532200393608132,0.4955659362814613,0.42024393234537993,0.11508347001386372
K06631.01,0.7395263172383714,0.40660218585189534,0.8264168472169464,0.4198146613650511,0.14607510431709717
K07644.01,0.7134765486000803,0.42938651825986096,0.848694054369574,0.41930753610971305,0.12754950935016254
K05686.01,0.25005328097395996,0.047728339936589696,0.46568685515585356,0.41795851521926386,0.13705304409810654
K00600.01,0.9096108663848212,0.5517055503094637,0.9696012285555912,0.4178956782461275,0.13294977431047705
K07435.01,0.469591468725311,0.25382926664342353,0.6716863473297902,0.4178570806863666,0.12886176021683954
K08026.01,0.7695849765864375,0.502444604919665,0.9162307916656881,0.4137861867460231,0.13871425916256988
K07184.01,0.8095603486851275,0.5088114081494622,0.920735474207003,0.4119240660575407,0.13648013017189645
K02859.04,0.5593645816202324,0.42799018429431207,0.8390969066571817,0.41110672236286966,0.1349812448566493
K04136.01,0.6310070940067845,0.3365184081750874,0.7463963079926843,0.4098778998175969,0.14306098038996348
K03939.01,0.2946270801239753,0.10892138748108955,0.5153944186796924,0.40647303119860284,0.12815880268328797
K06538.01,0.7752725920281746,0.5082752338073053,0.9117912343270251,0.4035160005197198,0.12545132614190013
K06882.01,0.299461039364565,0.14485065047669105,0.5478517326437106,0.4030010821670195,0.12830015629663655
K00783.01,0.418708066173778,0.23852546643956585,0.6366210569116839,0.39809559047211807,0.13274188104981505
K00405.01,0.0786244379063967,0.029652238059081536,0.42687564473949136,0.39722340668040984,0.15026133014023016
K02539.01,0.8498898985341785,0.54800332606109,0.9451316602831668,0.3971283342220767,0.11576943120934939
K01785.01,0.37315385625802866,0.151926671597411,0.5485386352127009,0.39661196361528983,0.14664249171132798
K01581.02,0.5353553932569256,0.30914987190678994,0.7056738850414751,0.39652401313468516,0.1259867678990753
K02913.01,0.7683552378425312,0.4736065420039582,0.8695385272909778,0.3959319852870196,0.12579571713999918
K02386.01,0.2664532793189267,0.11523377384647356,0.5072972686217877,0.39206349477531416,0.11628813647322206
K08166.01,0.08886465445768751,0.033585183417355655,0.425421808861955,0.39183662544459935,0.12754882059283684
K03308.02,0.7530944090297054,0.5144953032759229,0.9044585408086325,0.3899632375327097,0.11591502487865922
K02768.03,0.7174183109236465,0.4916606196415436,0.8815001508756954,0.3898395312341518,0.12817796720539135
K06881.01,0.2252612722662909,0.1047095026260769,0.4943849057834777,0.3896754031574008,0.1187471697143146
K04297.01,0.7433027699550002,0.46584596498821573,0.8532456078783225,0.38739964289010675,0.12491563955571512
K02449.02,0.5208019835693948,0.3017959877364237,0.6878815663733149,0.3860855786368912,0.10606399520248735
K07270.01,0.5317382163076662,0.33664230066959094,0.7224588909276435,0.38581659025805254,0.10833361303645056
K04230.01,0.8363247674747183,0.5480205961854502,0.9322418347899634,0.3842212386045132,0.1102298452346678
K04651.01,0.4138519290655448,0.22532458174408962,0.6092462863390822,0.38392170459499253,0.12227102516493776
K00945.03,0.6675415759340922,0.47466677459898704,0.8560384297610473,0.38137165516206023,0.11686296532352641
K02092.03,0.17805797340716373,0.07127888160634951,0.45150809162280797,0.3802292100164585,0.12454512653885452
K02607.01,0.5224064126468797,0.309340875689429,0.688418014245162,0.37907713855573305,0.12773165426550345
K08145.01,0.5321845185543879,0.3368140458758349,0.7143168986283568,0.3775028527525219,0.11397804055637795
K00170.01,0.2029597593639823,0.13818508709609578,0.5154991464444597,0.37731405934836393,0.12948203430748514
K01374.01,0.20773060999964765,0.07210489657310093,0.44742561553852245,0.3753207189654215,0.137965325070942
K03422.01,0.1488637403645099,0.04928514138188903,0.42443120826159303,0.375146066879704,0.11632603758442142
K02561.01,0.7151976871672985,0.48106895221671886,0.8544441871496419,0.373375234932923,0.1194253069867255
K00308.01,0.9382039339248076,0.5977803323233081,0.9707783910053066,0.37299805868199853,0.1335940685490666
K04227.01,0.7920064578065695,0.5795673545364413,0.9519231535711301,0.37235579903468885,0.11717167142272494
K04224.01,0.49487614850341133,0.3214863366872307,0.6933638176974086,0.3718774810101779,0.12204840281302153
K00620.03,0.7661022740143375,0.5782359513578994,0.9491278065389526,0.37089185518105316,0.1236046495391121
K07783.01,0.4312155211019365,0.19145312511436555,0.5618408809242574,0.3703877558098919,0.11807971503817709
K02015.01,0.7132991187965042,0.5031718237249512,0.8724497375933814,0.36927791386843023,0.16362889279423293
K01055.01,0.09507758106692372,0.041565638273668104,0.4102551008381741,0.368689462564506,0.14499169472120696
K05854.01,0.8577610967137821,0.552261928123717,0.9158169899774491,0.3635550618537321,0.10298817363522993
K02008.01,0.46542955283278076,0.3308238671478151,0.6919144693797563,0.3610906022319412,0.10872628798389404
K01548.01,0.16562519744911314,0.040230397969386426,0.40130670782777983,0.3610763098583934,0.13500013586159076
K06272.01,0.7285030005353618,0.5089961933794845,0.8661442522086293,0.3571480588291448,0.11434235087092143
K08039.01,0.6946910065634775,0.43986283947538013,0.7965106040050177,0.3566477645296376,0.11042597733250924
K03904.01,0.11469390863187118,0.03179936743277726,0.38815179180548065,0.35635242437270337,0.13206389043266603
K02025.01,0.9044807358799276,0.605265505063572,0.9614362774852779,0.3561707724217059,0.12455709822413613
K03969.01,0.14510709258608967,0.07844619649351453,0.4341352771595142,0.3556890806659997,0.1157409659534621
K04528.01,0.7668668788301164,0.5109180454190602,0.8661951146976089,0.35527706927854874,0.10331578294589336
K01990.01,0.8463072114271328,0.5914180114929313,0.9466733860679298,0.35525537457499856,0.12217978506839577
K02784.01,0.3963369664394758,0.2011797797761682,0.5558674081092106,0.35468762833304246,0.11223596192699561
K00855.01,0.5660221422759477,0.3190723726266061,0.6733234028698477,0.3542510302432416,0.10601386907454224
K00010.01,0.7340288518766804,0.5762528080164516,0.9300792043299958,0.3538263963135442,0.10575427211821387
K06731.01,0.7423017395718075,0.535750283789508,0.8885786898704623,0.35282840608095434,0.1057029321405237
K07870.01,0.4869755753604418,0.2932419826053718,0.645878055554302,0.3526360729489302,0.10715517573305164
K05332.01,0.4986066898135695,0.31967262775666,0.6718980069946474,0.3522253792379874,0.11053395953473687
K01834.01,0.44513849249291815,0.2967641668100099,0.6483231545273327,0.3515589877173228,0.11122236183698771
K03355.01,0.8623102697452376,0.6048754892420111,0.9548199930496999,0.3499445038076888,0.10072101951658241
K04147.01,0.3337826745129975,0.18963599822841373,0.5375652457336936,0.34792924750527987,0.11640233653148511
K01922.01,0.7789889140799766,0.5653625255461322,0.9131202914947062,0.347757765948574,0.11601883245483441
K01173.01,0.11269416268110632,0.05472950095138339,0.40219856802778514,0.34746906707640174,0.1120066903846788
K00411.01,0.2210951996744207,0.060672991409747815,0.40719427555476423,0.34652128414501643,0.13851969673409995
K04114.01,0.44325918429156386,0.31983735227589477,0.6661422077307515,0.34630485545485673,0.10831637120383363
K02188.01,0.05011480552278173,0.013832826871970487,0.3598319998349781,0.34599917296300764,0.11484461707852071
K04023.01,0.8266115354382875,0.589484908319588,0.9353279710742621,0.34584306275467414,0.11363404688590203
K01581.01,0.3325272708845217,0.20939043002656152,0.5546538123478888,0.34526338232132725,0.09922926697320522
K00599.01,0.9031605815311621,0.6265725659659662,0.9715191630885226,0.3449465971225564,0.12265841702398957
K01568.01,0.3225760060293752,0.17800968717342724,0.5218925737459789,0.3438828865725516,0.11746125979868419
K01600.01,0.21026312415634488,0.07368072703585352,0.41745871314929617,0.3437779861134427,0.1587891362147594
K02092.01,0.8130189959343184,0.6134042020346508,0.9566364169948071,0.3432322149601562,0.12299183242896493
K06739.01,0.7042220546418498,0.5344688929769496,0.8775433024914668,0.3430744095145173,0.10495334737774069
K01482.01,0.11519378286543971,0.04598080072525402,0.3887515160043551,0.3427707152791011,0.10764018687787524
K01499.02,0.36736891738768235,0.23973146174996499,0.5811850560807291,0.34145359433076417,0.10492223624107153
K02433.02,0.8367382733828879,0.6195299823444077,0.9601775819124071,0.3406475995679994,0.11308558515347908
K04838.02,0.26350990857053247,0.14037279241592912,0.4810079302669332,0.3406351378510041,0.1151046889499216
K01413.01,0.8103943934634148,0.5733666715989313,0.9116934468980301,0.3383267752990988,0.12082415373257739
K05403.01,0.10287874595409296,0.019818685766172888,0.3571255215599115,0.3373068357937386,0.1113779608661309
K03227.01,0.8055241376186066,0.5802519967636286,0.9173833929914689,0.3371313962278403,0.10605259570416771
K04136.02,0.7324382718948343,0.5046281558723938,0.8409367466738152,0.3363085908014214,0.10248329865445213
K02435.01,0.6421444293161339,0.4660040921152284,0.8017880868603977,0.3357839947451693,0.10455757231394384
K01799.01,0.12185140527731123,0.0415625456566181,0.3771978229327354,0.3356352772761173,0.11640479006130744
K00109.01,0.09060401661836975,0.023489273927482787,0.3575465919695974,0.33405731804211464,0.1088899908861939
K01159.01,0.8620854932745589,0.5984770655618654,0.9323502319920067,0.3338731664301413,0.11320892612240065
K02284.01,0.8005371626404976,0.5587511921569698,0.8926220784235432,0.33387088626657346,0.10579571837079048
K03273.01,0.8959098118045798,0.6150981756457405,0.948435903693318,0.33333772804757744,0.136853294358121
K03329.01,0.8105646714408969,0.6077868845523082,0.940892859378087,0.33310597482577875,0.09838858918441291
K00801.01,0.6589521549532467,0.559944744855578,0.8925661783232585,0.33262143346768047,0.11693254841548337
K01124.01,0.06894509657299672,0.017306933833335376,0.3498952919270194,0.33258835809368403,0.1247172649154207
K03001.01,0.3699399104872507,0.1907503833843556,0.5230396189584431,0.3322892355740875,0.10058321868627691
K02772.01,0.26373581740688057,0.1367453623697686,0.46833434419606,0.3315889818262914,0.09609482099365763
K06665.01,0.10149475168037597,0.042024089342878206,0.3736013814235632,0.331577292080685,0.10297228712387993
K07641.01,0.7603024380459967,0.5082309243464572,0.8395456358064396,0.33131471145998237,0.10668872572169125
K07854.01,0.11504262396822267,0.04467974219175587,0.375464766342052,0.33078502415029615,0.09393008880806483
K02433.07,0.7907527300242279,0.5786394953887842,0.9088098913267869,0.3301703959380027,0.10616241751277371
K02788.01,0.28438711715662424,0.15233345383293515,0.48176492115764846,0.3294314673247133,0.10774865144783934
K02192.01,0.1258646590123305,0.043146554327160185,0.37246763676734423,0.32932108244018404,0.13396313741966687
K01607.01,0.8508153128631639,0.6043518871513192,0.9331488294504117,0.3287969422990925,0.10375306928254768
K04846.01,0.7194493278218514,0.5174347887481456,0.8455109688402135,0.32807618009206785,0.1024473449209527
K01150.01,0.31997019053303755,0.17947336402231204,0.5072499776358376,0.3277766136135255,0.10338837561611663
K02433.01,0.8592053412257494,0.6479695504138164,0.974469200342653,0.3264996499288366,0.10499337989305957
K01511.01,0.6460739828325732,0.4646694124605891,0.7905569684034965,0.3258875559429074,0.10188728528896591
K00290.01,0.2449158696132765,0.16559179043353608,0.4905191710976833,0.32492738066414717,0.09736136952369277
K04614.01,0.7044958348958275,0.5710127941102587,0.8957091354428519,0.3246963413325932,0.098314071804801
K00382.01,0.0584424605972506,0.018714559119421426,0.343126185590938,0.32441162647151656,0.1242068252135121
K01062.01,0.5670452621250646,0.4502632052771088,0.7736018465892226,0.3233386413121138,0.10648056682961655
K02138.01,0.6186693705815722,0.48248238590691855,0.8055727464487824,0.32309036054186385,0.11137291057179413
K05382.01,0.23324771666199878,0.07778474151184772,0.4007768121626026,0.32299207065075486,0.11995135724421745
K07923.01,0.32524933035621695,0.08641557424867592,0.4088521403637794,0.3224365661151035,0.11824441134566634
K02785.01,0.8676811279470013,0.6235624693865351,0.9458308932902638,0.3222684239037287,0.10635579389406176
K00329.01,0.0448686345324554,0.009860867378266905,0.33164225677910014,0.32178138940083323,0.09715614401505551
K07746.01,0.28823706261725146,0.17139345649274676,0.4925642759966758,0.321170819503929,0.10647671571034366
K06624.01,0.7004140246293646,0.5084046895791361,0.8292147933495263,0.3208101037703902,0.10212167894881478
K02165.01,0.7924579618388211,0.5998246927502712,0.9203941834696946,0.3205694907194234,0.0932180923075082
K03868.01,0.4680635597281813,0.3196934729221348,0.6400814720176283,0.32038799909549354,0.09754144945696655
K01946.01,0.8163313753829324,0.637113348363633,0.9570885626774317,0.3199752143137987,0.11563979054147613
K07933.01,0.5206103725058695,0.32202376672898847,0.6418062252789518,0.31978245854996334,0.09960517469080063
K07938.01,0.5535454300632786,0.40001186871918476,0.7176430288418908,0.31763116012270604,0.09857191222330808
K02798.01,0.6395283468838806,0.4216724641817807,0.7378351689016055,0.31616270471982477,0.10075931787196288
K08020.01,0.03590694893407028,0.019389900232076707,0.3345787142318664,0.3151888139997897,0.09455451139574901
K04846.02,0.723880255138154,0.5180158758258303,0.83272289762986,0.31470702180402965,0.10607903873657182
K04557.01,0.8066948091732105,0.5874612336251842,0.9017303509508771,0.31426911732569285,0.10017911497188842
K01775.01,0.3347846568591947,0.21142279547862058,0.5250311525017519,0.31360835702313133,0.0958969779944697
K04096.01,0.5552933763603431,0.3868647883702282,0.7003766047419883,0.31351181637176007,0.09876008265526934
K06641.01,0.27800114835872547,0.12704446837135755,0.438482062684433,0.3114375943130755,0.09249039826760969
K01853.01,0.918926793503983,0.6455999308139473,0.9567549875979542,0.3111550567840069,0.10629974435349643
K03356.01,0.7946244568979983,0.5755391915323241,0.8861614059508294,0.31062221441850524,0.10096761351202328
K01516.01,0.9184571058994878,0.6670304256872417,0.9767087470685505,0.3096783213813088,0.1049391495592799
K02816.01,0.46677527510472333,0.3066959818499037,0.6160436925853248,0.30934771073542106,0.09696387015295871
K02809.01,0.8073273982970703,0.6087997386485051,0.9180207831457076,0.30922104449720245,0.10578334805576531
K04712.01,0.15821319804694714,0.07746645792821164,0.38515291154565334,0.30768645361744174,0.09766646294872187
K04466.01,0.760646245156988,0.578233898575135,0.8857276834613479,0.30749378488621293,0.0997735940887618
K07723.01,0.5244004077296008,0.38280315243152613,0.6901155764512471,0.307312424019721,0.08963841158748427
K03148.01,0.8357284306923818,0.633691870085089,0.9409894451561489,0.3072975750710599,0.10036801502756812
K01378.02,0.17530025311121955,0.05551225512205973,0.3620929371667964,0.3065806820447367,0.09000777970818807
K05833.01,0.41117491831296443,0.31299789367981545,0.6193192198551192,0.3063213261753037,0.0833153082702605
K02068.01,0.3727368455740406,0.2594514901974503,0.565468237209289,0.3060167470118387,0.08639944457756799
K00566.03,0.7555849810850829,0.5825411043590016,0.8878851214006823,0.3053440170416807,0.09039697746714737
K02592.01,0.7747812756719539,0.6180799888792966,0.9232513854753756,0.30517139659607895,0.09174603421174904
K03038.01,0.2846183831915265,0.12459043349848258,0.4288101679495399,0.3042197344510573,0.09497016975219907
K03433.01,0.4412764886794149,0.32994751609999196,0.6336711731714475,0.30372365707145554,0.11820755781287635
K02934.01,0.11765112655688217,0.04552677817623211,0.3491511755256369,0.3036243973494048,0.09431904537106914
K07125.01,0.8258815137997824,0.6294834391116757,0.9329752620757411,0.3034918229640654,0.09316913793366699
K01655.01,0.5258113719520121,0.401352744520979,0.704567626626782,0.30321488210580294,0.08623527683530252
K04155.01,0.8051318091596849,0.602548195116859,0.9048798819608679,0.3023316868440089,0.08321491604989481
K03451.01,0.8421406688698081,0.6448918765125597,0.9471556133769965,0.30226373686443675,0.0884992865567801
K02161.01,0.2288070802171242,0.08714412135630392,0.3891849386511462,0.3020408172948422,0.10343470593287568
K06342.01,0.7826616462054333,0.5818451193548625,0.8836018419957122,0.30175672264084974,0.08646620774642834
K04049.01,0.13074858751266955,0.06487243783426759,0.36661441229721486,0.30174197446294726,0.09909358814910504
K06386.01,0.15840491698437698,0.09083626781676335,0.3923443937388985,0.30150812592213516,0.11936628847247215
K00710.02,0.8255788640886315,0.6258770208747031,0.9270216916469107,0.30114467077220763,0.0916988056605406
K01663.01,0.8483622478782811,0.6525110102701248,0.9535909709164048,0.30107996064627995,0.09157597222469713
K02128.01,0.11023415834872101,0.05530265519250336,0.35621737304773415,0.3009147178552308,0.11298991345816045
K00183.01,0.871797756035159,0.5987644312543995,0.8993579281348921,0.30059349688049264,0.10397202182266065
K01105.01,0.47410145511868523,0.3333664304188408,0.6332440212382819,0.29987759081944115,0.08414131330372326
K03937.01,0.4494039969864956,0.3209780077564261,0.6201534465569671,0.29917543880054104,0.1121827825853861
K06847.01,0.27752903245835736,0.16384074072022964,0.4626165555092841,0.29877581478905446,0.09823787460082141
K07093.01,0.6027518776364063,0.4506691743132241,0.7484630606451927,0.2977938863319686,0.08506766042756625
K06116.01,0.7079496076004533,0.5821480571466011,0.8785334776694911,0.29638542052288996,0.10336587786295198
K01972.02,0.16370745272020226,0.058211675405182524,0.3537891547923245,0.29557747938714196,0.09565909775243726
K04410.01,0.873041181445336,0.6670991424842603,0.9619660447839838,0.29486690229972357,0.08545899775637622
K05917.01,0.7432464285285842,0.5628422879796181,0.8575358646215051,0.294693576641887,0.08792012329631413
K02434.01,0.2126158117229084,0.07219380844702902,0.3668719962082414,0.29467818776121235,0.10029855952601893
K05768.01,0.76926590810045,0.5604361234930635,0.8548689259918582,0.29443280249879467,0.09118231485001864
K02792.01,0.6168511403775545,0.4003337984066256,0.6947069306798862,0.2943731322732606,0.0877033104071901
K05901.01,0.6693275829566976,0.49748630373716457,0.7904270232017798,0.29294071946461525,0.0927519215193019
K03215.01,0.26714347301358465,0.14333618383876046,0.43616247810342634,0.2928262942646659,0.09771785157943062
K08267.01,0.28356226992822553,0.174809069383919,0.4672955517219379,0.2924864823380189,0.0931252888951138
K00566.02,0.7783943661318778,0.6188549344877776,0.9112736646298043,0.2924187301420267,0.09009968032230893
K08159.01,0.4145006582601205,0.2835697275881405,0.5758969810447079,0.2923272534565674,0.0898218637096622
K06664.01,0.4171165324309092,0.29211867325792756,0.5844421691990929,0.2923234959411653,0.08847405183639477
K07625.01,0.6383775743602917,0.4740689863570705,0.766157042342976,0.2920880559859055,0.08640493115567412
K04611.01,0.16371412723411,0.07668840083705625,0.36807760416852997,0.2913892033314737,0.09228134948461192
K04582.01,0.6051648780119847,0.49473416874792636,0.7845797891582259,0.28984562041029954,0.08159682924906378
K02812.01,0.8965008867696729,0.6667926046585101,0.9564879675495894,0.28969536289107933,0.07707802541831917
K03216.01,0.8807539731173719,0.6205829224045762,0.9096563764149661,0.28907345401038986,0.09021322854375659
K02600.01,0.06324049267956149,0.02159990757360076,0.3096553410659202,0.28805543349231943,0.09327926796183689
K02075.01,0.4298228160876766,0.2645953368064833,0.5522297632129416,0.2876344264064583,0.09653889353741395
K02092.02,0.895584867711542,0.6823410936438741,0.9699171961146242,0.28757610247075016,0.09807596057680731
K07818.01,0.43082793120579577,0.2835658086116133,0.570708305511869,0.28714249690025573,0.10062296793222518
K02746.01,0.16440760888890715,0.06864100811943721,0.3545214878895153,0.28588047977007813,0.10789638617079271
K04298.01,0.3148772961593935,0.14868169166316816,0.4340717565701362,0.28539006490696806,0.0878731948091831
K01562.02,0.7890967485687789,0.6129026376762208,0.8964586986445313,0.28355606096831054,0.08109999259312495
K00217.01,0.772230665482684,0.5152860321422681,0.7988044718548533,0.28351843971258517,0.09147498161334473
K06232.01,0.10916163896062789,0.024076198438565604,0.3061639913963358,0.2820877929577702,0.10589253123258796
K07445.01,0.8085751068028992,0.5959237450707318,0.8775756056731726,0.28165186060244085,0.08650228511805683
K02886.01,0.5095802225096053,0.34665843001063074,0.6278092320560076,0.28115080204537685,0.08526573546178313
K07895.01,0.21601044011425433,0.11229233749716731,0.39185288145066993,0.2795605439535026,0.08663462310934172
K00772.01,0.08627460124297481,0.018930641232094952,0.2967072254901963,0.27777658425810137,0.101524865882139
K06893.01,0.08144632495768382,0.07099385915632749,0.348720688585561,0.2777268294292335,0.09939736631779919
K00700.02,0.8942127829963845,0.674093584043571,0.9516623596034163,0.27756877555984527,0.10009086105430401
K00511.02,0.8430505827886673,0.6463531772013398,0.9227702032050339,0.2764170260036941,0.0912295077214576
K03162.01,0.26158322552074303,0.12662634965519848,0.4030108738350184,0.2763845241798199,0.08137869325073338
K00733.01,0.9408966567975348,0.686763936216163,0.962528721798311,0.2757647855821479,0.11581109275040001
K01139.01,0.12215162471764379,0.04320251974545624,0.3185693207057557,0.2753668009602995,0.09771950337532181
K02983.01,0.5572537493855014,0.3909040363093814,0.6661325365450719,0.27522850023569045,0.09579013632591835
K06444.01,0.6784086858375555,0.5226872457125702,0.7976554141495418,0.2749681684369716,0.0950383163413889
K08145.02,0.2945507237932603,0.1915517292899403,0.4664798002305116,0.2749280709405713,0.08067052303860685
K08151.01,0.4170969474523849,0.29034533419877734,0.5643351868284435,0.2739898526296662,0.0910906273275596
K02752.01,0.2713195773310475,0.16542449560325007,0.4393229067627018,0.27389841115945174,0.09125811429524788
K05908.01,0.8412251777563018,0.6464920466102677,0.9197680720814504,0.2732760254711827,0.09865000779088788
K04838.03,0.36993305858457426,0.24760784759870694,0.5204760311438809,0.27286818354517395,0.08877461689012998
K01913.01,0.790240800915611,0.6613426179479623,0.9341111222188232,0.27276850427086086,0.11100712193109669
K08284.01,0.4368349247558162,0.3162543160450949,0.5888502905501682,0.27259597450507334,0.08843601073855074
K05622.01,0.34944087657057177,0.2494217040822692,0.5215941159323345,0.2721724118500653,0.08904259612363162
K02170.01,0.5292715229686081,0.367004065401432,0.6390033450405529,0.2719992796391209,0.08446184872795412
K07212.01,0.33403406312700795,0.15813952735925818,0.42997691752495926,0.2718373901657011,0.07790950430159412
K03394.01,0.8653177603160138,0.6790990759939928,0.9504718001830523,0.27137272418905956,0.08442035807979888
K00929.01,0.8724615692156303,0.6930633882402895,0.9633854074901923,0.27032201924990285,0.10334688716718884
K07339.01,0.8500831972435243,0.6757578471777094,0.9452646914095476,0.26950684423183824,0.07928716133146381
K03395.01,0.8780224227477351,0.687169565046177,0.956647450131096,0.269477885084919,0.07934904941808604
K05110.01,0.6115813377032454,0.4542636819421992,0.7232678303182356,0.2690041483760364,0.09239879016903337
K08131.01,0.5964739435757105,0.4101243397323985,0.6785409471055069,0.26841660737310846,0.08151841445665811
K00292.01,0.8104191428571549,0.6586714023074626,0.9267951786693119,0.26812377636184936,0.08985092921518768
K08045.01,0.33501243390983654,0.2375724901063612,0.5053806059144812,0.26780811580812003,0.09594110417766966
K04637.01,0.6938263313939215,0.5350249182392225,0.8028208397039963,0.2677959214647738,0.07944489150162984
K04891.01,0.8122080833867766,0.6304108161382753,0.8980931133723645,0.2676822972340892,0.08561400949718911
K03864.01,0.5621770932967919,0.4190024826783304,0.6866740371245692,0.2676715544462388,0.08236599858123217
K01406.01,0.9328716453295828,0.7144733449732963,0.9820526336050496,0.2675792886317533,0.08908119098271311
K06763.01,0.7946849502936681,0.6270029351931775,0.8943037704166845,0.267300835223507,0.0862232144515716
K04780.01,0.7905420236755849,0.6189358043495292,0.8846827500421421,0.2657469456926129,0.0818542674429358
K07488.01,0.21017784734482212,0.11748180367306096,0.3832253376754714,0.26574353400241046,0.08405457045622655
K01028.01,0.13617081990682786,0.04870048479166393,0.31402663434724476,0.2653261495555808,0.10337058985057086
K06707.02,0.6997765620520718,0.52162061133672,0.786374396876168,0.26475378553944795,0.0866790172689934
K05173.01,0.12486881346314245,0.0492216780823295,0.31378448967435146,0.26456281159202194,0.08679367720981111
K04941.01,0.2575823153648046,0.1534780247206151,0.4178990945844377,0.2644210698638226,0.07797025024700405
K00898.03,0.9222827604812331,0.666712026262182,0.9308559513503643,0.2641439250881823,0.11386537007612371
K00299.01,0.826012100589669,0.6559656261293833,0.919564381530445,0.2635987554010617,0.08153574020644744
K02632.01,0.805732548110383,0.6449567933201885,0.9081197612800909,0.26316296795990235,0.08406014742657046
K01691.01,0.060561043388883226,0.029839664870561246,0.2914300399376167,0.26159037506705546,0.10098182776153505
K00780.02,0.5054676695987517,0.41807680931566266,0.6794844206770003,0.26140761136133767,0.09680055871209263
K07651.01,0.38550743176878843,0.26092998694553726,0.5216828816547592,0.2607528947092219,0.07845780038323105
K00794.01,0.8258916755105057,0.6876971575071674,0.9482966202520524,0.260599462744885,0.0729583951353835
K02139.01,0.942479128443673,0.6983720451324936,0.9583793261531377,0.2600072810206441,0.09059729854223975
K00700.01,0.93940322730545,0.7024870798679574,0.9624615287792883,0.2599744489113308,0.09478388468206299
K02533.01,0.500578131625113,0.39316231255736656,0.6524912939823351,0.2593289814249685,0.08564010665511039
K01496.01,0.0820165151395464,0.023688693694594528,0.2828737027841309,0.25918500908953634,0.10768290004205641
K04859.01,0.8133488096212804,0.6245185370468725,0.8832131308499231,0.2586945938030506,0.08676006196123351
K02024.01,0.9243664246862642,0.696510724713792,0.9551735562007546,0.25866283148696256,0.09519481105089142
K07296.01,0.08647917859256096,0.055765130840179346,0.31429389695635607,0.2585287661161767,0.09250358632100854
K02457.01,0.6202600921596562,0.46271992357736,0.72093952882991,0.25821960525254994,0.09199624339328144
K00179.01,0.8516992091217009,0.6696498127744734,0.9276424215935982,0.2579926088191248,0.08977448991739519
K04838.01,0.4677699962257777,0.3551797347539456,0.6128185583846203,0.2576388236306747,0.07928850905959754
K03290.01,0.1357559469147231,0.017737139176799505,0.27524687141036325,0.25750973223356377,0.1047717760041143
K02254.01,0.17484605680900406,0.06313210297135834,0.32022612531410505,0.2570940223427467,0.10696991598440334
K00548.02,0.653963551960412,0.4806309092720655,0.7374898403406926,0.25685893106862717,0.08230441982940963
K02960.01,0.3983151507050624,0.24746110627531606,0.5042996673638813,0.2568385610885653,0.07985790828745203
K00447.01,0.05803061102161135,0.020452995904655137,0.2765469911517719,0.25609399524711673,0.09296518043037365
K00920.01,0.9272102551156882,0.6933191529645003,0.9491937670973779,0.2558746141328776,0.09638175463863395
K04412.01,0.11945661459118997,0.05455321504687118,0.3102374267516989,0.25568421170482775,0.08537890372284537
K01937.01,0.7650577574788354,0.5592342009895396,0.8148544127119375,0.2556202117223979,0.1040710365467988
K03721.01,0.09525158043392458,0.01622842181734063,0.2717444595311709,0.25551603771383025,0.0914436792289902
K01413.02,0.8500589554812723,0.6820048339546962,0.9374386493780063,0.25543381542331,0.08675798068006349
K02859.02,0.8167836056904487,0.6536309685681589,0.9081541572769263,0.25452318870876733,0.08234138425979128
K03762.01,0.8245878502492252,0.6082874975949263,0.8622573168203049,0.25396981922537865,0.09669425758466613
K08264.01,0.5932601732839546,0.4445426601293368,0.6985070361814472,0.25396437605211036,0.08417886197583163
K00721.01,0.9149856924664492,0.7168797324110618,0.9699226583783199,0.2530429259672581,0.0829453512721064
K00454.01,0.9458214525887297,0.7090188048761173,0.9620448333550939,0.2530260284789766,0.09265677161479877
K07540.01,0.8246593020760916,0.635924511860983,0.8884724463085512,0.2525479344475682,0.07947536181026889
K02813.01,0.25954554257428186,0.15243897031891168,0.40468753068775215,0.25224856036884047,0.09063504909224454
K01128.01,0.5875866458046426,0.460153896657795,0.7117640047648712,0.25161010810707624,0.06800227129832279
K02433.04,0.8113646578868086,0.6737427782516505,0.9251545559796315,0.25141177772798096,0.08360307479905173
K01859.01,0.07728114314692225,0.0377395055432537,0.28908040444961697,0.25134089890636324,0.10023531691134291
K04506.01,0.8016868086044137,0.6272372078712695,0.878503307982914,0.2512661001116445,0.08326348051377476
K07523.01,0.09297073425361313,0.03853800959016031,0.28950811587881015,0.25097010628864985,0.0831642063163204
K08096.01,0.37930827353814023,0.25200665444465264,0.5027941700693463,0.2507875156246937,0.08284736202571596
K01601.02,0.8673634577058473,0.6970286223998483,0.9477872037989885,0.2507585813991402,0.0857926182220967
K07921.01,0.245027147256555,0.14144820893387913,0.3921599789019061,0.250711769968027,0.08232410803849637
K03681.01,0.7333453141067198,0.5916578134944098,0.8422465493940575,0.2505887358996477,0.09073227108630638
K03145.02,0.3943127082353888,0.27580361937892933,0.5260166708308055,0.25021305145187617,0.07650009730831198
K03997.01,0.20353617072427643,0.11397622789093283,0.363605043071117,0.2496288151801842,0.08227645259456771
K05088.01,0.6782900909769065,0.534907476215275,0.78386921955668,0.24896174334140497,0.08107659625119178
K07358.01,0.5545736429455843,0.42355311633220655,0.6712724871587198,0.24771937082651324,0.0757009438496999
K07869.01,0.8598922620520202,0.6900549454125651,0.9374078351091513,0.2473528896965862,0.07630186351655681
K01342.02,0.8710358642829555,0.697724500813369,0.9439529632022996,0.2462284623889306,0.07438482052715006
K07357.01,0.07818910972765966,0.025197642614006616,0.27135040341603744,0.24615276080203083,0.08042076872633112
K00556.01,0.11857884793200166,0.04269531187931151,0.2887075515180584,0.24601223963874685,0.09928045824288832
K00626.01,0.9417780967878562,0.7256037892266892,0.9709906372938457,0.2453868480671565,0.07482828943706879
K04383.01,0.8295826181426289,0.6563342494025162,0.9010152662772999,0.24468101687478372,0.07574148337583418
K04002.01,0.3692331201251652,0.21757194458119739,0.46133866212256497,0.24376671754136758,0.07490103320091732
K05834.01,0.7789029635285298,0.6506551455808958,0.8941616642362956,0.24350651865539985,0.07909183549917714
K08113.01,0.13713708470629266,0.057633400359292625,0.3010047039150627,0.24337130355577005,0.07758164294369216
K06752.01,0.5767976973460094,0.3949666926372,0.6381233751694684,0.24315668253226835,0.08528746073412896
K03009.01,0.5050404133997084,0.374805495418367,0.6179276080594773,0.24312211264111033,0.07573233970472154
K05124.01,0.42790757210034003,0.3070602198265884,0.5501478103197169,0.24308759049312856,0.07721512720525234
K02523.02,0.8685742987602771,0.7099954411830819,0.9529844196051835,0.24298897842210165,0.07369564710263835
K00540.01,0.09036110419133175,0.02084147711080885,0.2633748281877243,0.24253335107691543,0.09527267391437476
K00338.01,0.9328661788749129,0.7163535257043584,0.9586355820688266,0.2422820563644682,0.08574525945880822
K08112.01,0.43727952114213225,0.3364631905883051,0.5785502492165185,0.24208705862821345,0.08417053022869281
K04033.01,0.22029263077751632,0.10975822358526195,0.3517405142184532,0.24198229063319127,0.07374090862881386
K04306.01,0.2511597719977613,0.1476046464470232,0.3889534212189113,0.2413487747718881,0.0805906836723771
K03089.01,0.5306138687475392,0.3739365805330828,0.6151640561978617,0.24122747566477892,0.07315755138146945
K07646.01,0.7814977176441735,0.6529269339053905,0.89321789768652,0.24029096378112957,0.0843095277059887
K04482.01,0.8754240128542989,0.6836067083829738,0.9232528750763649,0.23964616669339112,0.07632054296284697
K01152.01,0.12394462580892135,0.06860376347641808,0.3078588338125218,0.23925507033610374,0.09047075308716962
K01543.01,0.06907998410240643,0.04708006462510324,0.2858847204661332,0.23880465584103,0.10457502123544409
K07635.01,0.7888589158563246,0.6554976542464952,0.8936421320539751,0.23814447780747994,0.08632814752983792
K04548.01,0.812360927064411,0.6730820226222767,0.9110884763628488,0.23800645374057217,0.07258370872192588
K02133.01,0.22277503184497816,0.06488529916814466,0.30225182718393684,0.23736652801579217,0.09993375365206096
K07726.01,0.10673490976934971,0.058495844617546214,0.2957801344666403,0.2372842898490941,0.09080321754780651
K08166.02,0.20262289081896123,0.13504390295638694,0.372323296988478,0.23727939403209106,0.07647252117997685
K06487.01,0.41407099629889405,0.2902699747356794,0.5274409419579247,0.2371709672222453,0.06765665412144453
K04624.01,0.569760679665583,0.42847547241882344,0.6653037605030133,0.23682828808418988,0.07729041749740337
K06259.01,0.8633572625128892,0.7117016890658845,0.9479747932226464,0.23627310415676195,0.08157388743455973
K00848.01,0.049175004417998054,0.01999583247098927,0.25608166378635355,0.2360858313153643,0.08287501846338861
K00191.03,0.48749298038515776,0.36159038986225844,0.5973617937222878,0.23577140386002937,0.0734288402031763
K02663.01,0.8236870954843261,0.6543667847894229,0.8900226448442454,0.23565586005482253,0.07650942161679045
K04660.01,0.13707657671473256,0.06584984057860332,0.3014188703670304,0.2355690297884271,0.07000798035039699
K01342.01,0.8607332176257407,0.70479426222685,0.9403581074249111,0.23556384519806106,0.08122629603179166
K00241.01,0.9503309052444766,0.7329222082805811,0.9682516487940448,0.23532944051346372,0.09491282501676805
K03999.01,0.2103981074236954,0.13399644106224703,0.36929190915858406,0.23529546809633703,0.07485645594559537
K04384.01,0.8467848011011917,0.7108490303277348,0.9460711438117261,0.23522211348399125,0.07279293929430211
K01378.01,0.9184567517216087,0.7213818314976376,0.9562031854183838,0.2348213539207462,0.08933031306495391
K00708.02,0.9235299477211117,0.7278515866930689,0.9626362334236689,0.23478464673059996,0.09863813888843533
K03463.01,0.875525776897857,0.7132924158407865,0.9480285879001498,0.23473617205936326,0.08117832523505525
K02675.01,0.9181531718606288,0.7172711818605116,0.9520058646797412,0.2347346828192296,0.07570795167636564
K00838.01,0.05593634819557913,0.024388327883632637,0.25879572193564804,0.2344073940520154,0.09417269403145972
K08170.01,0.40766143184313863,0.2756363845871858,0.5098196721131734,0.23418328752598755,0.0678531664086619
K01426.03,0.17401872659765044,0.02185907693011827,0.25491130958473457,0.2330522326546163,0.08964210546823163
K07672.01,0.5588716391100942,0.4526499582173862,0.6853388669936269,0.2326889087762407,0.06956695224462686
K00508.01,0.9548852680789284,0.7492100448216541,0.9812908668240734,0.2320808220024193,0.08232145084324084
K00332.01,0.9107600376812401,0.734032565946849,0.9652466004865493,0.23121403453970035,0.08122503449578584
K08181.01,0.5654813509628294,0.44144346468911294,0.6724219002874474,0.23097843559833448,0.07341369652225183
K02355.01,0.4996849148297598,0.3995427433937932,0.630483143984084,0.2309404005902908,0.0725134688339048
K00241.03,0.8154667896646685,0.6552639149856572,0.8860106725250506,0.23074675753939344,0.06876764068318338
K00395.01,0.13889060292083455,0.03217937586735999,0.2625553204080979,0.23037594454073793,0.08989821615738454
K03431.01,0.8062576115746272,0.6679901499854132,0.8980910712060904,0.23010092122067727,0.07376930644862302
K05483.01,0.014254118998056406,0.006371490692998697,0.2363282383652581,0.2299567476722594,0.07315889016629158
K03980.01,0.10853905925253535,0.05865863550898371,0.28859172368309916,0.22993308817411545,0.07144363279806609
K04372.01,0.84347752869361,0.6936031340430325,0.9234988298309436,0.22989569578791103,0.06807764542374674
K01670.01,0.8743110784048657,0.7347132882236518,0.964489222216623,0.22977593399297125,0.07724469872829431
K02506.01,0.9215299336920817,0.7452864995798352,0.9744463255291392,0.22915982594930406,0.06852399810714943
K04341.01,0.7455393737191811,0.6156785399379706,0.8447618805902529,0.2290833406522823,0.07216619349905397
K00141.01,0.920720146665891,0.7221133666648534,0.9508214940518689,0.22870812738701551,0.07821797407372723
K01424.01,0.5098235186842561,0.3950416624609917,0.6237466348156702,0.22870497235467846,0.07281002278231641
K00992.02,0.923285879065862,0.7365439468477123,0.9651052329227963,0.22856128607508397,0.0863657563551073
K02914.01,0.7456532033437414,0.616284688617928,0.8446491795962359,0.2283644909783079,0.0680593241152122
K01344.01,0.8573247904363341,0.715940065175935,0.9439291507003927,0.22798908552445774,0.0876260461543591
K08218.01,0.19527734371960273,0.13627145803287607,0.36398945868962956,0.2277180006567535,0.08162768731298728
K03165.01,0.8400086288349347,0.672624382568062,0.8990062902109256,0.2263819076428636,0.07174074287411385
K01978.01,0.8940851682378531,0.7458514339734418,0.9716926528804976,0.22584121890705577,0.07812045708203898
K02004.02,0.8599531238694083,0.7180787918043945,0.9439189979378693,0.22584020613347477,0.0721568653269429
K02639.01,0.8701877458755287,0.7313230863371015,0.9570652610925666,0.2257421747554651,0.07908514420449797
K02541.02,0.8188019813658611,0.6899275983332991,0.9155461097853932,0.2256185114520941,0.06986428916532376
K07876.01,0.24857035487655157,0.11282401327725383,0.33832708249011506,0.22550306921286123,0.06735092482652151
K00396.01,0.1972927042658253,0.11253771978071404,0.3378801381265683,0.22534241834585428,0.10824540812642791
K03137.01,0.4566243523600064,0.3241056641432331,0.5493750144368718,0.22526935029363865,0.06286390855104297
K06054.01,0.029887561866146786,0.011747026896411104,0.23607920241560734,0.22433217551919624,0.0766590293422872
K01752.01,0.8753909091918557,0.7399298381900401,0.963691971299613,0.22376213310957294,0.0720230844947618
K00413.01,0.9360073164265234,0.7415912391394419,0.9653329071450915,0.22374166800564954,0.084949269999855
K01630.01,0.8801638968787087,0.7138085850020593,0.9374552801513906,0.22364669514933122,0.06605953562056144
K00363.01,0.0562345929990703,0.019492068983030707,0.2427807043060679,0.2232886353230372,0.10363189831844814
K04146.02,0.7940492933463784,0.6648761519587848,0.8871932432579352,0.22231709129915045,0.08294460218969062
K05932.01,0.054941339269825695,0.034928035093158845,0.25685529897822446,0.22192726388506562,0.07824906324268173
K07781.01,0.14996393197479768,0.0970577193306256,0.31657211815228864,0.21951439882166304,0.07413501805020138
K02098.01,0.8957580233845603,0.7488807503932926,0.9676124339649043,0.21873168357161166,0.06834590852875193
K00230.01,0.05785934417804159,0.027288383449755677,0.24556409957881137,0.2182757161290557,0.0916494772809415
K03276.01,0.02570381978162567,0.011541985390672816,0.2289499921831995,0.2174080067925267,0.069195932042891
K08265.01,0.1035630982913925,0.03583235489141612,0.2530430329214782,0.21721067803006205,0.08113025808822391
K04061.01,0.4186795995602923,0.30858713534660415,0.5253219807433601,0.21673484539675597,0.06763265532383943
K00574.01,0.9589902781076318,0.7524670110969194,0.9690570706113283,0.2165900595144089,0.08850636086199636
K02828.02,0.7040359326789891,0.5856862351452969,0.8020469843699147,0.2163607492246178,0.0645955469469037
K03141.01,0.904976434098723,0.745735352078428,0.9618666610057999,0.21613130892737187,0.07904246344889912
K04371.01,0.8340672667845515,0.7115114146098107,0.9276074939971327,0.216096079387322,0.06769681386158284
K04538.01,0.83748220805771,0.702096239992646,0.9180364973114464,0.2159402573188004,0.06779081442183253
K02802.01,0.9163784677905866,0.7579592886290737,0.9732679321700469,0.21530864354097323,0.07647251132610472
K07912.01,0.5248247094594195,0.41284412269796134,0.627994991636378,0.21515086893841662,0.06660292362240462
K02109.01,0.8719053753381631,0.7423410625937735,0.956322690862176,0.2139816282684025,0.07079974587235523
K06259.02,0.8796196314654446,0.7410867113892791,0.9550567023318735,0.2139699909425944,0.0656600883518857
K04203.01,0.15376435020496126,0.057067301496417686,0.2709877249850814,0.2139204234886637,0.061129109617313195
K02874.01,0.2069274326012426,0.11211806244274505,0.3259119990389525,0.21379393659620746,0.05933086799009564
K02859.03,0.7948807174527728,0.6966991882872395,0.9104206125329373,0.21372142424569773,0.06556803472990913
K02545.01,0.7653672089007739,0.6671922696321623,0.88059245612736,0.21340018649519776,0.06780818538409608
K04635.01,0.829872257210214,0.6839823874042776,0.8973446473961022,0.21336225999182457,0.06949845073894195
K00102.01,0.725253969217222,0.6579540518941768,0.8712342577132346,0.21328020581905782,0.06916989345060039
K02957.01,0.7953803950561722,0.6658386991002113,0.8789715739543366,0.21313287485412524,0.06823542054179095
K02172.02,0.6954495026044301,0.5749311322142964,0.787658052586138,0.2127269203718416,0.07077852070774765
K03822.01,0.21317245612927616,0.11648537065057325,0.3287588519965927,0.21227348134601948,0.10479763939708317
K00612.02,0.955083819206288,0.7528006448239207,0.9648486159651647,0.21204797114124396,0.08238851521017806
K01761.01,0.8745445933574737,0.7591406380592229,0.9703792680463961,0.21123862998717313,0.07243310494164278
K00661.01,0.9418202124733654,0.7629557346263327,0.9737230580081244,0.21076732338179172,0.07466421209538415
K05802.01,0.07793274989499493,0.04034924796697972,0.250909420051908,0.2105601720849283,0.06870666747164271
K04816.01,0.8546917270501142,0.7344154492665539,0.943933497679115,0.20951804841256116,0.060690193260972115
K00634.01,0.06852812975854414,0.032417126850230515,0.2418572911764285,0.209440164326198,0.08751850364131714
K01602.02,0.9412957465063937,0.7506268809241501,0.959791701623688,0.2091648206995379,0.0820782712685566
K02683.01,0.6491636489968402,0.5364352873441962,0.7455166123965039,0.2090813250523077,0.06434069044509133
K01458.01,0.869579919821747,0.7551461994548235,0.9641942414972019,0.20904804204237837,0.08563226275208442
K00620.02,0.8158307516034617,0.7205408400096976,0.9295636573949767,0.20902281738527906,0.07860106165240548
K00710.03,0.8990527103953336,0.7343866651665122,0.9425616400061089,0.20817497483959668,0.06393277460368635
K01809.01,0.922963488965358,0.7545644912811614,0.9618029318019227,0.20723844052076124,0.0721440751543701
K01299.01,0.8794219915939794,0.707046677886734,0.9136534334233861,0.2066067555366521,0.06949919122222438
K01483.01,0.08049248141905235,0.029617594392590065,0.2350319384174624,0.20541434402487233,0.0741749364642645
K00764.01,0.8867720095029611,0.760290592186487,0.9650110482120658,0.20472045602557887,0.06347574731580226
K00809.01,0.7489184621051641,0.6283605728814926,0.8328560261708817,0.20449545328938912,0.06259210278585035
K02759.01,0.5375033771069111,0.4280489018596433,0.6321140669076653,0.20406516504802197,0.06905159025986488
K02701.01,0.7902217297124278,0.7013285686137366,0.9047531047638299,0.20342453615009326,0.0712593603851959
K02719.02,0.39223406988106146,0.29470634075249813,0.4980411744641877,0.2033348337116896,0.06042868924925387
K02853.01,0.642961900078199,0.5469132844137476,0.750138096227039,0.20322481181329133,0.06425765375320934
K02989.01,0.8500278071826757,0.7033963570706602,0.9062455204786286,0.20284916340796844,0.06505060919585011
K03865.01,0.8685536694740177,0.7466416900521248,0.9490052539969415,0.2023635639448167,0.07173096667385688
K02169.03,0.902688629525207,0.7561848392078516,0.9582093352628775,0.20202449605502593,0.06109864245899001
K05028.01,0.20581333207407804,0.14171137666909644,0.34369280176976835,0.2019814251006719,0.06688885589090372
K01942.01,0.9438562352883303,0.7594754208880249,0.9614026811363271,0.2019272602483022,0.0596977106696828
K02017.01,0.7839228009308876,0.6578392877628038,0.859072529785831,0.20123324202302728,0.06499136873607418
K01185.01,0.1864732161809246,0.0652066375888111,0.2664059955275153,0.20119935793870422,0.05848621133889191
K03423.01,0.874038169750158,0.7452044580593455,0.9458807486135427,0.2006762905541971,0.06515089742808469
K03100.01,0.22280796180878226,0.13177783206878257,0.332283070415267,0.20050523834648443,0.06496012590816809
K01499.03,0.8583636558207074,0.7133880105819489,0.9137862367030347,0.20039822612108582,0.0653951622463494
K07377.01,0.05523050647546093,0.019893923978651872,0.22027281724032824,0.20037889326167638,0.08303244120875639
K08188.01,0.26094337613381724,0.1718507980168624,0.3722037004477579,0.2003529024308955,0.06761832190131645
K00387.01,0.9605539718883938,0.7695513143349774,0.9696747816396644,0.200123467304687,0.08000887455047433
K01151.03,0.8641038392874221,0.7123256956653224,0.9120715764854492,0.1997458808201268,0.05606598516234628
K02433.03,0.8706522837318339,0.741668508864494,0.9408334099832616,0.1991649011187676,0.0679774763066164
K04820.01,0.8652261926701407,0.730080290469409,0.9291999641374389,0.19911967366802985,0.0633367775533961
K02903.01,0.8730271516223024,0.7691805087636566,0.9681153991758216,0.19893489041216494,0.06924107740852786
K03257.01,0.8054990581195287,0.6946122508011751,0.8933275128773784,0.19871526207620338,0.0642091472959889
K07872.01,0.09139325604103467,0.058829258821381895,0.25723687771355513,0.19840761889217323,0.07704354458606284
K08294.01,0.6025643879941431,0.5057063850557455,0.7040469440952779,0.1983405590395324,0.06501208578868063
K06187.01,0.32192255302212275,0.20753590236575517,0.4058753593589576,0.1983394569932024,0.08154030264056537
K01996.02,0.7743821764078274,0.687711926070194,0.8857814190371586,0.19806949296696452,0.0639030083441581
K01628.01,0.9311276470444112,0.7648830691820002,0.9628432168121049,0.19796014763010472,0.07073639504913581
K07677.01,0.07137032207407022,0.043202484263654216,0.24087789699750775,0.19767541273385353,0.0605088755184321
K03031.01,0.8677808920252592,0.7365505543732211,0.9339785695114852,0.19742801513826402,0.06041176664010879
K01233.01,0.18440711830690645,0.1186667032551353,0.3154025568442653,0.19673585358913004,0.0572501265745338
K03862.01,0.06285305066639447,0.016643993482077773,0.21337398956192982,0.19672999607985206,0.06238346394045629
K08121.01,0.1618697533664103,0.08518797478013937,0.28182759383968586,0.1966396190595465,0.06641438540398112
K05411.01,0.7430478733769321,0.6104407525382642,0.8069002828566391,0.19645953031837482,0.06588921310831503
K08126.01,0.25977008340847235,0.1900935787330249,0.38623888399412826,0.19614530526110335,0.059991175869435004
K02681.01,0.6779675058603203,0.5798867436781483,0.7759184053315592,0.1960316616534109,0.06188123165617329
K03681.02,0.8952366580361708,0.7586360520974218,0.9544075394116551,0.19577148731423333,0.0639190124600577
K02949.02,0.785775213980314,0.682528414953608,0.8773501139654439,0.19482169901183588,0.07421765420419281
K08244.01,0.7823356604447196,0.6799534558951926,0.8745171066483418,0.1945636507531492,0.068144333797672
K02541.01,0.7447450256575113,0.6210645008223586,0.815497495565647,0.19443299474328835,0.07103081696296851
K02133.02,0.7478731768990765,0.6140480272094633,0.8079314687464039,0.1938834415369406,0.07102320926362772
K05449.01,0.06666114283885996,0.04051059858068499,0.23381663642753797,0.193306037846853,0.07054981833180866
K03006.01,0.04498223507339441,0.020962636078415413,0.21415257613878064,0.19318994006036522,0.0721496892630012
K05999.01,0.04362871745257304,0.021947322071796473,0.2150310956029238,0.19308377353112732,0.07532057875294246
K02858.01,0.35171051595629577,0.26447636765887544,0.45751496037482947,0.19303859271595403,0.058635822238954284
K05276.01,0.6359832393731024,0.5394241159567035,0.7324101346104074,0.1929860186537039,0.05977626725588823
K00234.01,0.9615721668933652,0.7890573164034023,0.9817137989751775,0.19265648257177526,0.06672730742430186
K01413.03,0.8721289887082665,0.7325668187903248,0.9251414237537221,0.1925746049633973,0.05916725874231865
K03341.02,0.9282491817650436,0.7732244453698837,0.9657391827482887,0.19251473737840508,0.06150467996607307
K02967.01,0.8383844066783838,0.7285310459744276,0.9204136856235234,0.1918826396490958,0.0648435963032788
K02970.01,0.8745314922325684,0.7338510467748729,0.9253944501215562,0.1915434033466833,0.06808296702432078
K02347.01,0.5571165871641885,0.4015508704434334,0.5928200659252352,0.19126919548180177,0.0520871642621828
K02680.01,0.10934910865360808,0.039332571950458514,0.22959976693871223,0.19026719498825373,0.05477382975858278
K02460.01,0.8181750320955397,0.71692625835614,0.9068265661365518,0.18990030778041178,0.05901634201053387
K02202.01,0.5721770745935572,0.4723430228295669,0.6618529722767935,0.1895099494472266,0.057316264420027144
K00335.01,0.8565525092001887,0.7616620069550027,0.951039414172882,0.1893774072178792,0.0644750539496772
K02571.01,0.5363098041580266,0.4093243080068841,0.5976123784453977,0.18828807043851364,0.054341758307061214
K04367.01,0.8591376888183431,0.7406176984119616,0.9285848920306672,0.18796719361870562,0.060896923334283974
K03604.01,0.04655466576176402,0.020025517830265852,0.2079878639059667,0.18796234607570086,0.08367646486272301
K06001.01,0.09251420039407995,0.030329428827579864,0.2177909296108126,0.18746150078323273,0.06881737045351087
K00108.01,0.9662751237698087,0.7883091820425745,0.9756111782409259,0.18730199619835142,0.06754708377959939
K00569.02,0.7036635105160981,0.5957195293881736,0.7828761703356587,0.18715664094748508,0.0639825059010326
K00179.02,0.14394119945565512,0.031034338175380267,0.2179287537383621,0.18689441556298184,0.05331359310335148
K01702.01,0.8621494706497554,0.7038031533774632,0.8904167163294071,0.18661356295194387,0.0831589688668077
K02859.01,0.8835289473316488,0.7570628043784836,0.9436235827884117,0.18656077840992813,0.053637605468801676
K00698.01,0.042732525029764115,0.019669238808902086,0.2061365703580883,0.1864673315491862,0.06787351028228707
K01912.01,0.1967452166041947,0.19149506735265331,0.3774050139240444,0.1859099465713911,0.09039351304591811
K04700.02,0.7455458906321861,0.6239471305310877,0.8096066886883996,0.18565955815731183,0.057370889495787426
K00527.01,0.8489622100171489,0.7359578449874901,0.9213327764700816,0.18537493148259154,0.061283446609715755
K02733.01,0.8496564172619555,0.738054835137738,0.923202943247933,0.185148108110195,0.06932996435370432
K02618.01,0.9010222400497503,0.7765163702002953,0.9615988258323933,0.18508245563209802,0.05158095932205139
K03835.01,0.9639005663599134,0.7892498510804942,0.9738497501545074,0.1845998990740132,0.06762943789097231
K02702.01,0.9094571840752546,0.7676982645483855,0.9515302526443329,0.18383198809594736,0.057499674456042406
K00768.01,0.23796212865336486,0.17036331992628084,0.35415078679906203,0.1837874668727812,0.05655998215041426
K01601.01,0.9333393118936255,0.796887071687237,0.9805833437737277,0.18369627208649064,0.06369643191427259
K02045.03,0.8180789735039444,0.702583094794023,0.8859030619918362,0.18331996719781318,0.06074032278772629
K02173.02,0.7703240870509609,0.6802361566997298,0.8628557679740784,0.18261961127434856,0.05517924182537087
K04009.02,0.839283036811056,0.7172727170596307,0.8997896086929172,0.18251689163328655,0.05838898731498882
K06777.01,0.8601094114670815,0.7362300244419746,0.9186700757206814,0.18244005127870677,0.061116957937649874
K04188.01,0.8871292422866887,0.7665281438498962,0.9488809673819616,0.1823528235320654,0.062144646250572214
K04861.01,0.8015033851182392,0.68490074075338,0.8666202321574088,0.18171949140402877,0.05846652033466337
K03597.01,0.04148032825719507,0.020311117794131413,0.20185012697702026,0.18153900918288884,0.05700627041117625
K01052.04,0.891600726743726,0.7835891703698898,0.9641467581303594,0.1805575877604696,0.05632381240871236
K07759.01,0.8910348357945572,0.7715361368962416,0.9518961013036342,0.18035996440739266,0.05452475724584354
K08159.02,0.29151444776179963,0.2291238094040561,0.4090956202596654,0.1799718108556093,0.0639888604236593
K01779.02,0.8364706440710756,0.7191646724219741,0.8987845618372865,0.17961988941531237,0.059177528813425605
K08132.01,0.37159874733758813,0.30952608047405383,0.4883496911663922,0.17882361069233838,0.06905496247296257
K03315.01,0.8999738384453096,0.778635071931721,0.9570520033391814,0.1784169314074604,0.05226248322903891
K01972.01,0.9469341114271146,0.7912355766333375,0.9694208002041462,0.17818522357080868,0.05435223046817406
K02175.01,0.915460204544706,0.7750701265265976,0.9525179892760539,0.17744786274945634,0.06939202677389932
K00612.01,0.9605364686364831,0.7956082473473703,0.9728562408238707,0.17724799347650033,0.06755887674970575
K02822.01,0.828592762070882,0.7301875904609844,0.9069051701540937,0.1767175796931093,0.06367989894091382
K03864.02,0.8515851694620532,0.7476721694449666,0.9236991013126111,0.1760269318676445,0.05868044748519163
K03469.01,0.8946504229268029,0.7638776890057667,0.9396643644399938,0.1757866754342271,0.04923791252295455
K01978.02,0.9261497086686006,0.8071493848779219,0.9824173762934149,0.17526799141549299,0.05704898925084966
K03368.01,0.8702795745660956,0.7716942450098276,0.9469427401420493,0.17524849513222163,0.06182499295494361
K01031.01,0.9082738987691703,0.7842727215466221,0.9593901289628866,0.17511740741626447,0.053197755239363806
K02981.01,0.855126696700361,0.7449490156689227,0.9200254577687311,0.17507644209980844,0.05599689941885301
K02413.02,0.7988190541789189,0.708765547322364,0.8836307472229251,0.17486519990056115,0.05205777158142131
K08163.01,0.12366365136288361,0.055139450760198286,0.2299129423777262,0.17477349161752792,0.06685024616847308
K08047.01,0.5248000843226246,0.43984330271582006,0.6145782744130959,0.1747349716972758,0.06092421680571738
K03867.01,0.55586096309637,0.49215383265085916,0.6665248642780416,0.17437103162718243,0.05944321573629285
K06015.01,0.05652808942232463,0.013678816788579157,0.18750969822519417,0.17383088143661501,0.06630944363200145
K01187.01,0.13612412828154133,0.09243536676759069,0.26610110234037226,0.1736657355727816,0.051755510233146666
K04837.01,0.8314485966982319,0.7037839513242751,0.8771804068923578,0.1733964555680827,0.04803687103453192
K05515.01,0.8706605759338057,0.7589231184877625,0.9320017295300512,0.17307861104228872,0.06454221400723767
K03344.03,0.8524031377786844,0.7489699615948863,0.9218057413095443,0.17283577971465802,0.05383103069842728
K03794.01,0.08886595138336806,0.07964758953303462,0.25232276944567206,0.17267517991263742,0.06628470038714229
K04763.01,0.886174725632816,0.7616532402624155,0.934266006289026,0.17261276602661046,0.06468330066367194
K03271.02,0.8345759673264287,0.738738770393211,0.9109800625236045,0.17224129213039352,0.05855530969809729
K03387.01,0.8505624068666835,0.7213148931930858,0.893513144586432,0.1721982513933462,0.05791016517448587
K00826.01,0.9439206013771642,0.7978348739427931,0.9699661959094179,0.17213132196662484,0.054360380711968546
K05568.01,0.8193304429191339,0.7253351077899327,0.8974333253216346,0.17209821753170185,0.057577109490046297
K02924.01,0.7749799509447326,0.6795314364676548,0.8514819598926351,0.1719505234249803,0.05156533403066721
K02302.01,0.9176810592306814,0.8001609990007953,0.9713283627702021,0.17116736376940678,0.05112361939602663
K03491.01,0.7810943983014172,0.6856928092374545,0.8556547417126689,0.1699619324752144,0.049430277513148366
K01754.01,0.9033704988586044,0.7877253585793438,0.9573767592177077,0.16965140063836393,0.05472928895400765
K00241.02,0.8644164197059248,0.7582803885272341,0.9277563919083032,0.16947600338106905,0.05306295890331014
K02801.01,0.8762915418953712,0.766789338364406,0.9362187714308254,0.16942943306641944,0.05285341774726904
K02098.02,0.8823465172450695,0.7794694652328683,0.9487577047140194,0.16928823948115113,0.05342636839052084
K01431.01,0.5395087984378706,0.4404504158156886,0.6096145598085672,0.16916414399287855,0.054874856711902086
K02004.01,0.935843932574153,0.8038401507768466,0.9728549839398488,0.16901483316300225,0.06519671536098619
K00338.02,0.8318001708003402,0.7471850634210281,0.9160977742935026,0.1689127108724745,0.05098947776087634
K01151.05,0.8620652884393133,0.73162468826176,0.9005364406101527,0.16891175234839273,0.056625959841039616
K06464.03,0.810934608387752,0.7135358419679892,0.8824351838342112,0.1688993418662219,0.04677701295257503
K02763.01,0.40537335023979476,0.34056352361039693,0.50917445204087,0.16861092843047304,0.051142790471793785
K07880.01,0.35663952976075997,0.28938095289908305,0.45762368374743156,0.1682427308483485,0.05488298281908501
K02097.01,0.8881005804517309,0.7930395192774027,0.9607252919815807,0.16768577270417806,0.05855782756050988
K03142.01,0.8776740567204991,0.785958402840693,0.9536399781444044,0.16768157530371142,0.05241630343893423
K02324.01,0.29153967983513535,0.15572557777071636,0.32334346558878857,0.16761788781807221,0.07367594252889992
K00531.01,0.8850033801648188,0.7376219620587537,0.9041431591299195,0.16652119707116575,0.058856408535898255
K01094.01,0.8918032768686248,0.8168622737632479,0.9829952396230056,0.16613296585975768,0.0526741885128491
K00102.02,0.8877398298399123,0.8006907203797812,0.9665844085373438,0.16589368815756267,0.046969799333298395
K07844.01,0.2098868999307115,0.08429078474146334,0.24991596787888315,0.1656251831374198,0.04981984908794888
K01430.03,0.9386249903792013,0.7894948900365905,0.9550123206465883,0.1655174306099978,0.05221478560961257
K04715.01,0.8780562971865984,0.7633366783595661,0.9288414368400418,0.16550475848047574,0.05270631274006853
K01550.01,0.021355217875259944,0.009264730519678048,0.17456879677193027,0.16530406625225222,0.06321363417923496
K07544.01,0.08321964585430641,0.06160462873292485,0.22676496844259922,0.16516033970967436,0.04900201559499832
K02859.05,0.8887853280910067,0.776650960082973,0.9417402534789339,0.1650892933959609,0.055428395846309514
K04826.01,0.6638310924612075,0.5870831007128742,0.7515626825692182,0.16447958185634404,0.062229877855141995
K02595.01,0.9371859335026296,0.7994261798942618,0.963718154957494,0.16429197506323223,0.05106146354805883
K08061.01,0.033937211232694886,0.013810710462066281,0.17703719767780068,0.1632264872157344,0.056889552386417755
K00824.01,0.7770301402124347,0.6619055193564124,0.825045700947333,0.16314018159092059,0.05082413407934815
K04207.01,0.5404132128638752,0.4803363427798986,0.6433005261374338,0.1629641833575352,0.06364808486453409
K08091.01,0.13289013538110087,0.07331874509082491,0.23577996920981825,0.16246122411899333,0.07330045536952685
K00786.01,0.9041357002183492,0.7905151513174435,0.9528605375072013,0.1623453861897578,0.05135719055681993
K05274.01,0.789252126690525,0.684002538991433,0.8462700505097192,0.1622675115182861,0.05034369833178063
K02550.01,0.8594564943923825,0.7843501413002294,0.946424991303726,0.16207485000349664,0.05061588606313882
K02535.01,0.8381776156321823,0.7502591219900514,0.912253379638362,0.16199425764831055,0.05369156132005673
K01905.02,0.7632998803623224,0.709517262264032,0.8713126246057586,0.16179536234172665,0.052530392278561135
K05769.01,0.8822837362878906,0.7558551952612707,0.9176388903530589,0.16178369509178825,0.052014359891338624
K00408.05,0.7200748524107115,0.6237808226437989,0.7854665577969377,0.1616857351531389,0.05368427894329717
K06463.01,0.05461939498137271,0.03382191296821068,0.19546065402389945,0.16163874105568876,0.059145906888518195
K00607.01,0.7844180065381489,0.6686136391881579,0.8299644008446169,0.161350761656459,0.055677620990130794
K02175.02,0.9444304460474935,0.8016471353893494,0.9629813460688336,0.16133421067948417,0.04646896135999578
K02463.01,0.8881318997566876,0.7855990305827912,0.9466907314063085,0.16109170082351731,0.04902235011283131
K01426.02,0.7453913919676678,0.6750343037611999,0.8358245192484391,0.16079021548723926,0.054070897380616746
K00430.01,0.9701140512672026,0.8116040024018837,0.9721906178229578,0.1605866154210741,0.0469537001356449
K07886.01,0.3293802002488577,0.2513797556889849,0.41195514999986715,0.16057539431088225,0.05530486194008083
K06841.01,0.03206918849711383,0.012838890841536854,0.17322395129138796,0.1603850604498511,0.053287992258536844
K02585.03,0.9047659061727906,0.778482564973428,0.9386305062028787,0.16014794122945064,0.060174371901041086
K02700.01,0.666400405394487,0.5871212908445514,0.7468006676203908,0.15967937677583932,0.046692247302052126
K00446.02,0.9554736158550852,0.8064797419271382,0.9659084158726284,0.1594286739454902,0.06122501940532593
K03122.01,0.835517525110915,0.7386559617691447,0.8972276970975606,0.15857173532841584,0.05002934952675571
K00710.01,0.9109274184470212,0.7901528602786841,0.9484382468765636,0.1582853865978795,0.062044327516237244
K00704.01,0.9514669947858003,0.811596755816049,0.9697763255183544,0.1581795697023054,0.06502851674838804
K08236.01,0.35897366663496155,0.2775476372567289,0.4355976091742595,0.15804997191753062,0.05001422209780942
K02959.01,0.8565225823788027,0.7658491588914199,0.9223826665249482,0.15653350763352825,0.051507654324747645
K06771.01,0.21734366029156682,0.1558704951179235,0.31185573500343955,0.15598523988551605,0.054789921952403
K00830.01,0.7399428188028556,0.6193845126267327,0.7750514858217785,0.15566697319504585,0.05021457395577516
K07692.01,0.11240950686279513,0.06562812232358688,0.2212761162265734,0.1556479939029865,0.04803558241910254
K05459.01,0.7260993884740778,0.6396447440222021,0.79505436047474,0.15540961645253792,0.04850003863562693
K00875.01,0.9413657442374028,0.7988202460163893,0.9540846430602623,0.15526439704387296,0.05958123764586987
K07408.01,0.08613884343193103,0.039628264331101684,0.19475743296998227,0.1551291686388806,0.05291371659835005
K04759.01,0.8475756582425491,0.7549924634118026,0.9101018057080323,0.15510934229622975,0.05200391913583923
K01151.02,0.900621218649456,0.7752112541489762,0.9298170349818907,0.15460578083291454,0.04409004306406521
K05524.01,0.8158936059890397,0.7247306215680014,0.8792786903597121,0.15454806879171068,0.0513255114361368
K03818.01,0.2630073025114155,0.17094636873805075,0.32511838685766153,0.1541720181196108,0.05283044981841189
K04841.01,0.5409134893328917,0.4178067486846124,0.5713217673202623,0.15351501863564992,0.050757153073207384
K04449.01,0.8140744367059962,0.7318398244826511,0.8852928498642247,0.15345302538157368,0.047509586212985684
K00156.03,0.9706769515486713,0.8201346286139282,0.9733520500888926,0.15321742147496442,0.04089725594518354
K03838.01,0.026223476871720997,0.012293289943123745,0.1653036597637361,0.15301036982061234,0.08822990214198423
K03172.01,0.10135762279331517,0.06069024759062498,0.21308244044168503,0.15239219285106004,0.05693587637140105
K07913.01,0.8370780663964443,0.7413119045361946,0.893601489015382,0.1522895844791874,0.05053177169653428
K07833.01,0.8431996696740736,0.7491792878787326,0.9004105629687794,0.15123127509004686,0.056535226422315725
K01196.01,0.9151312837270957,0.8078877265317178,0.9589634144495451,0.15107568791782733,0.04737203840351408
K01910.01,0.9657154695611025,0.8231297023130049,0.9735003224117803,0.15037062009877544,0.055767975726006835
K00332.02,0.8954270577818708,0.7975084209150474,0.9474235196409704,0.149915098725923,0.0483096299689166
K01552.01,0.6693637415537811,0.6023945779964411,0.7522978065013834,0.1499032285049423,0.052504561574206285
K08215.01,0.4623732801802306,0.39543251834868315,0.5450317399927572,0.14959922164407408,0.049644617938990096
K00523.01,0.8185195202385883,0.7369686801376256,0.886522870984414,0.14955419084678834,0.05210488275434687
K07707.01,0.09375340916721156,0.046593223305313854,0.19607515676802237,0.14948193346270852,0.04340948080530536
K00408.04,0.8590479189625356,0.7602506045048487,0.909411040779852,0.1491604362750033,0.04819043167930187
K05730.01,0.03556124012012463,0.017422671605734883,0.16649335174947627,0.1490706801437414,0.06413735138356386
K01151.04,0.8582229595816369,0.75330331044712,0.9017703405205734,0.1484670300734534,0.04853881671735907
K08253.01,0.2505430069608671,0.17159041141487139,0.3200314320799819,0.14844102066511053,0.04658719530986154
K03979.01,0.03351917577050466,0.014691131852221036,0.16307897982040784,0.1483878479681868,0.05965753125111099
K00137.03,0.9008414814929074,0.78676946888632,0.9349734644334836,0.14820399554716357,0.049459852729745346
K08111.01,0.23046803453534867,0.16698069082193517,0.31482906501258334,0.14784837419064817,0.0514516131330705
K02045.02,0.8001251917793146,0.7062575887125013,0.8536802526853127,0.14742266397281134,0.04823333527202211
K05991.01,0.12791801159954308,0.07575833157032358,0.22313025446008378,0.1473719228897602,0.045319536122760365
K00700.03,0.8951211134347908,0.7991034277870099,0.9463531565009694,0.14724972871395947,0.04610089040138156
K03460.01,0.8927333272601958,0.7922676234363283,0.9394437284376939,0.14717610500136558,0.042196962512099825
K03809.01,0.0670280241005489,0.030927395214648042,0.1771499475517444,0.14622255233709636,0.05149242361186464
K04225.01,0.036649058449984895,0.017493072483314213,0.16354569570780633,0.1460526232244921,0.06039226362261335
K04700.01,0.8960023089576415,0.7789402262397795,0.9248861514206902,0.14594592518091065,0.05263514283073061
K02915.01,0.8720596725784497,0.7764545628073154,0.9217813437486653,0.14532678094134988,0.04474278266750793
K07761.01,0.21447095430097673,0.1524544425348217,0.2977356424312541,0.1452811998964324,0.04583492890844314
K00939.01,0.9433118983682179,0.8301720388255068,0.9751179416376766,0.1449459028121698,0.05198287038372542
K07974.01,0.05071401391797538,0.022798750877112868,0.167256493339401,0.14445774246228815,0.04559424596557956
K03248.01,0.9107258138966963,0.814117598409575,0.9583851298541841,0.14426753144460913,0.045180365004301594
K03120.01,0.9221855326386241,0.8311183641333151,0.975289122289785,0.14417075815646996,0.053592821920396015
K02779.01,0.875211875286523,0.7862580346780014,0.9300767340575838,0.14381869937958247,0.055752834590797294
K00516.01,0.9216709048368377,0.8308849346722228,0.974219759579694,0.14333482490747118,0.0443430747477644
K06002.01,0.04583967398310419,0.01639704377075158,0.15926835074424567,0.1428713069734941,0.06223815228375557
K01956.01,0.029741993456878293,0.017117705053745935,0.15984561298255617,0.14272790792881024,0.08225349126084093
K08207.01,0.347136489866402,0.2588319100076644,0.40059620714385213,0.1417642971361877,0.04303643773411684
K02172.01,0.9378767721019909,0.8367937655040072,0.9784705990672374,0.14167683356323024,0.05348008441912212
K07663.01,0.1022183573040222,0.051876403078149454,0.19349691299834415,0.1416205099201947,0.04747074909993016
K03908.01,0.8111067503897899,0.7180732949433989,0.8592341283553523,0.1411608334119534,0.048743455937301804
K06707.01,0.8385617842331585,0.7577325583343132,0.8984359291017301,0.1407033707674169,0.04158480984366229
K00446.01,0.9585093434889185,0.8287875899483051,0.9693259478303293,0.14053835788202418,0.059310508529558305
K08083.01,0.17698457615596858,0.12811659081462776,0.26811785546042743,0.14000126464579968,0.049728476180207905
K04010.01,0.12350348069921886,0.06870368097862077,0.2085839127450702,0.13988023176644943,0.04439428272754975
K03036.01,0.11710033684964513,0.060206684361543576,0.1992817482805618,0.13907506391901822,0.049692305600387246
K02929.01,0.8831129287965616,0.7968061584686843,0.935062961489209,0.13825680302052468,0.0457216223692028
K07911.01,0.15530473706829412,0.08748681234407414,0.22557198286957703,0.1380851705255029,0.04207987389822885
K03344.02,0.9399382719444008,0.8401261578493796,0.9781795225299331,0.13805336468055351,0.04642943010511033
K05013.01,0.07190335907097514,0.037912840998339616,0.17565548009196252,0.13774263909362292,0.04362579157973323
K02167.01,0.9442950885763914,0.8440055968178284,0.9814870248455693,0.13748142802774088,0.04420086006303282
K03253.01,0.11435034359118992,0.06723373558245097,0.20464258603979152,0.13740885045734055,0.04506754474118058
K00121.01,0.03472642326784165,0.024788496651420622,0.1619203776968581,0.13713188104543747,0.05657134668636462
K02444.01,0.8989350253440949,0.809413869370123,0.9461849552520372,0.1367710858819141,0.04142082084949564
K02378.01,0.9006943399348271,0.8009822561121689,0.9376327544631459,0.13665049835097698,0.046823015731507066
K07866.01,0.07069562264774026,0.027522255791218562,0.16350083386903191,0.13597857807781336,0.049940318990169444
K00430.02,0.8217464197089609,0.7778814556431569,0.9135239346465243,0.13564247900336734,0.04253455389729211
K02966.01,0.896249830236707,0.8247283191536907,0.9597850879318133,0.13505676877812256,0.04179064441727975
K07460.01,0.8800973923967214,0.8152070187804903,0.9496328341882339,0.13442581540774357,0.050946620276088525
K07642.01,0.029627038323942013,0.011708347302093736,0.14610024910445588,0.13439190180236213,0.058160195040309524
K05067.01,0.23408016288915012,0.16151922808066457,0.29528386532072914,0.13376463724006457,0.04585416810638041
K00902.01,0.7410590435062686,0.6998819665789462,0.8334935821245533,0.13361161554560708,0.04845389492339508
K06874.01,0.08293787220232135,0.03870242713538842,0.17191269782422483,0.1332102706888364,0.03960695288427963
K02594.01,0.9210538363184936,0.8355302391282328,0.9685987296742244,0.13306849054599168,0.04274419498466518
K08080.01,0.1385895533589536,0.08198791908842801,0.2150157376683888,0.1330278185799608,0.044605146397901835
K08231.01,0.1650705670376194,0.09947135765082118,0.23246151517285316,0.13299015752203197,0.04066043829764188
K06533.01,0.09111704692489744,0.050594424815045294,0.18335343399400142,0.1327590091789561,0.04737020534637048
K02025.03,0.9243174479977523,0.8267562143778591,0.9590860847874079,0.1323298704095488,0.04297976487520291
K05395.01,0.20745741265729203,0.1549116513154527,0.28598322562409817,0.13107157430864547,0.046443177816099294
K08134.01,0.32563867497629073,0.26910029424074206,0.3999215486413101,0.13082125440056802,0.04428490282182338
K00152.04,0.9188311871024066,0.8222523927478645,0.9529117236187215,0.1306593308708569,0.04534377215687977
K02585.02,0.91862826223987,0.8411576089869726,0.9715111442158587,0.13035353522888615,0.04351116996913111
K07678.01,0.8588703050781181,0.767110274820743,0.8971206324503954,0.1300103576296524,0.04346853805297065
K01321.01,0.058598297465584315,0.03402466720310056,0.16388270419061313,0.12985803698751258,0.0408079913320231
K00155.01,0.9540368863287765,0.8522137039003012,0.9816126165691578,0.1293989126688566,0.0450089884179062
K04944.01,0.10947166505619393,0.05679394423068727,0.18610358436411673,0.12930964013342947,0.04639828620383734
K02495.01,0.17725225680633508,0.12447230114835618,0.2537028656701442,0.12923056452178805,0.03894382484558488
K02657.01,0.8597303145795423,0.7788719032592105,0.9080959967478877,0.12922409348867714,0.03937010891706607
K07885.01,0.07035837078300378,0.038956671114163836,0.16817814327645864,0.1292214721622948,0.04366169749800112
K02946.01,0.9014739612859606,0.8132694426629385,0.9423757568905948,0.12910631422765628,0.03954277265707539
K01720.01,0.9158875791660634,0.8250295255567615,0.9541019892820667,0.12907246372530523,0.04528722730205709
K05272.01,0.03635079761819897,0.01339336616393074,0.14231076989461605,0.1289174037306853,0.058752091161212744
K01052.02,0.9245313803302133,0.8503095650674476,0.9781941129063881,0.12788454783894054,0.04227755034814856
K03158.01,0.7877854787799607,0.7297722309943893,0.8574059207362991,0.1276336897419098,0.039720222408096306
K00248.02,0.9738532332641233,0.8493654745028006,0.9769934225194516,0.127627948016651,0.040770004646623205
K06813.01,0.06554564337018023,0.023898542485304965,0.15122004900445132,0.12732150651914637,0.040308657164942883
K06164.01,0.9075489799128729,0.8049038010235131,0.9318158470587978,0.12691204603528472,0.04404832575755043
K00626.02,0.9152695481410077,0.8302288555294325,0.9569165889945997,0.12668773346516726,0.03967851741835357
K07065.01,0.10128492281591672,0.04650484089621837,0.17313293544653,0.12662809455031163,0.041356861316063295
K01717.01,0.9615967055671848,0.8589215617570011,0.9855478349903017,0.12662627323330067,0.040183149477686836
K00464.01,0.8912274749519205,0.8237273733093784,0.9494181052491337,0.12569073193975533,0.04040388083129757
K02174.02,0.9062873775159476,0.8037416901631679,0.9286493951869492,0.12490770502378135,0.04277967333827477
K00191.01,0.6734627868856985,0.5924422312676744,0.7170484776418167,0.1246062463741423,0.04176891510460856
K02155.01,0.9014638476210663,0.8454524044640411,0.9697172362621062,0.12426483179806502,0.03772177782294839
K08038.01,0.06187533708738527,0.0383347515830283,0.16209815774161038,0.12376340615858208,0.04109863203478297
K01351.01,0.04381903046068579,0.00911873243069412,0.1328140856171278,0.12369535318643367,0.041125233775813945
K00212.01,0.9105471363736362,0.8515096776034585,0.974767002293488,0.12325732469002948,0.03955174009596641
K00995.01,0.026747487249422924,0.014079772245558467,0.13729699412640498,0.12321722188084651,0.047070324181351327
K04520.01,0.8645411445497648,0.7996677958231958,0.9228480317775309,0.12318023595433514,0.03944440387649169
K01310.01,0.9601562744467707,0.8572448395619173,0.9793861102895802,0.1221412707276629,0.0414878296669075
K02173.01,0.8754332612595518,0.8008798517547935,0.9229418057182716,0.12206195396347808,0.037612824354943696
K07032.01,0.855415518855967,0.7916336410387576,0.912787643335833,0.1211540022970754,0.03523012861892135
K02267.01,0.9051037094127059,0.8393802082703876,0.960484676049722,0.12110446777933437,0.04756112369005549
K01627.03,0.9204316532687784,0.8272053094514618,0.948301884943858,0.12109657549239627,0.054408342405271266
K03988.01,0.025084963754852203,0.00876311850388711,0.12985920205442278,0.12109608355053567,0.03481662981997548
K07860.01,0.09594316850737075,0.041677059640135954,0.16270826646255543,0.12103120682241947,0.03957172639954247
K02585.01,0.9130340891938029,0.8393736576795026,0.9602698525345253,0.12089619485502279,0.04521339167627693
K07284.01,0.029561966952978053,0.009113391478721438,0.12968512256275838,0.12057173108403695,0.05720465156613418
K03872.01,0.03395384902517729,0.009419755781514005,0.12978034922740805,0.12036059344589405,0.041894268736907214
K02996.01,0.8846498142649986,0.8172764397640303,0.9371294814423344,0.11985304167830413,0.03966587167987849
K04517.01,0.06493747735016785,0.03621715741326816,0.15600569674292214,0.11978853932965397,0.04056925004669841
K02660.01,0.9251679214524333,0.851385222850872,0.9708623918912982,0.11947716904042616,0.04130693634847366
K05050.01,0.069829952058612,0.03689099474960607,0.15635399751198462,0.11946300276237855,0.03593380734046
K02261.01,0.8953580444971766,0.8102623399157477,0.9286974527727831,0.11843511285703545,0.041664589467724604
K07312.01,0.04012148591233215,0.015954167637502254,0.13397493278765377,0.11802076515015152,0.07488530597305858
K03347.01,0.898304387321569,0.8182630071138081,0.936258914688915,0.11799590757510692,0.03703959376000077
K00620.01,0.8961087003100898,0.8489332190700412,0.9662426117963941,0.11730939272635299,0.03624744442561728
K03284.01,0.8072899594016855,0.7478538531615193,0.8650720897781483,0.117218236616629,0.036662501253219154
K05845.01,0.7023533041482961,0.6372002761846273,0.7543408944461684,0.1171406182615411,0.041293363342196
K04356.01,0.7551504715189897,0.6774713737302052,0.7945718779624397,0.1171005042322345,0.03466829065609797
K01882.01,0.9500645488551465,0.8599590233347434,0.9769181504397902,0.11695912710504686,0.041737634797673534
K03308.01,0.9119926273683364,0.8330176926749683,0.9493701981451719,0.1163525054702036,0.05433776726161864
K02413.01,0.9179913015939718,0.8370511873822398,0.9533585664187861,0.11630737903654631,0.03360449053594273
K03271.01,0.9108390644074198,0.8364463615779147,0.9525489951861419,0.11610263360822715,0.03540613206933302
K02417.01,0.9412839971614416,0.8462146249162554,0.9620520940213063,0.11583746910505088,0.0459751456244284
K01512.01,0.9221288843734698,0.8580532324322584,0.9733090571189842,0.1152558246867258,0.03859713741479967
K04550.01,0.8625085499581739,0.7975643039515018,0.9122961384643721,0.11473183451287028,0.03328622499161401
K08248.01,0.17844781001974566,0.13059707641494428,0.2451838173537454,0.11458674093880111,0.03715258349227735
K03860.01,0.026040230957170927,0.018819155160726634,0.13325459235239384,0.11443543719166721,0.04666375591092636
K05989.01,0.08831526422060793,0.05415006450425412,0.16811600922864742,0.1139659447243933,0.04180213714886901
K08290.01,0.19613936670365084,0.14576886783240198,0.2596832028541652,0.11391433502176321,0.0345163720077016
K02346.01,0.9228093479018131,0.8472246881535254,0.9605575758468472,0.11333288769332184,0.03804650566949456
K00408.03,0.9459790023896827,0.8528201437503751,0.9661489331130465,0.11332878936267143,0.04068009453245109
K00392.02,0.905171338618512,0.8268269150031569,0.9399120182699094,0.11308510326675258,0.03831573135368445
K02371.01,0.9354626762591373,0.8683530129325583,0.9810038719339392,0.11265085900138094,0.042017286263419724
K03105.01,0.09115196981613585,0.05342942239200359,0.16567988736476058,0.112250464972757,0.03674150827434457
K08133.01,0.22608636701891632,0.19073418439622875,0.30298038182134973,0.11224619742512099,0.0350287141631213
K01969.01,0.9517091040915593,0.8667429790169079,0.9786434612112354,0.11190048219432747,0.035217009737917804
K04725.01,0.9271406012281098,0.8575985321327416,0.9693054362948019,0.1117069041620603,0.03512227533539759
K04452.01,0.9144129002428693,0.8439202285992219,0.9553486435101595,0.11142841491093758,0.0502236052212459
K01779.01,0.9134577911017181,0.8328692516830521,0.9438960583887881,0.11102680670573595,0.041062575571458336
K07479.01,0.9121740425993269,0.8259177051857948,0.9366915138189007,0.11077380863310593,0.044199799349590195
K06741.01,0.09716352812897858,0.05962874739302888,0.17007141315147825,0.11044266575844937,0.038291646074894124
K00671.01,0.9249551870018387,0.8409532068075644,0.9513822968032658,0.11042908999570145,0.058193320523417545
K04213.01,0.11560251043306725,0.07470631155049856,0.1848568873147865,0.11015057576428794,0.039447564010153174
K02921.01,0.8969436285624152,0.8186475772926464,0.9287210830417292,0.11007350574908281,0.03874475414208201
K04968.01,0.06907534185857098,0.040681686801293866,0.1505712063376221,0.10988951953632825,0.03724331089444952
K01297.01,0.031190580080637454,0.016848852765676978,0.12644128248935999,0.10959242972368301,0.03668675999249943
K02892.01,0.9272297316635509,0.8461335289031507,0.955699540653965,0.10956601175081426,0.0363461644495806
K00988.02,0.9128887119989684,0.8565851881387171,0.9661148984304175,0.10952971029170044,0.04266238032933806
K00813.01,0.880247911033097,0.8137623210409386,0.9226631144563581,0.10890079341541947,0.0375104291571319
K06701.01,0.10094808793488841,0.05438037286991792,0.16276392927621208,0.10838355640629416,0.03485117040647301
K01835.02,0.8299188629943146,0.7714145587604584,0.8788830619923903,0.10746850323193191,0.03170774151046205
K03692.01,0.0571486988247175,0.019238450545611376,0.12667549730019229,0.1074370467545809,0.037061661252869665
K02480.01,0.6695122690971205,0.6243329463619516,0.7317574006412149,0.10742445427926328,0.034828841971148786
K04151.01,0.038585826713200405,0.01763825259551219,0.12505837888833463,0.10742012629282244,0.03947617141951803
K03383.01,0.8676903716875068,0.8083110345157641,0.9146503311541453,0.10633929663838115,0.03202927167108827
K02153.01,0.9363002251270525,0.866797792994892,0.973040938058481,0.106243145063589,0.034171713274817876
K01244.01,0.9452154156461711,0.872915491075545,0.9791488229532066,0.1062333318776616,0.0346256593841881
K02503.01,0.8271360402939125,0.7947081119609135,0.900785315792642,0.10607720383172847,0.03469283884059974
K07727.01,0.02584781801672289,0.011695296638588879,0.11752529563644935,0.10582999899786047,0.03234407957163191
K02808.01,0.11426219465695364,0.0755219600001537,0.18129908468241948,0.10577712468226579,0.03693510388271421
K02200.01,0.8995123122688846,0.8348325110335799,0.9403691292827039,0.10553661824912397,0.036515114288729666
K04361.01,0.9300438652951803,0.8682022736203805,0.9734800354872217,0.10527776186684124,0.031068792341633004
K02295.01,0.8102504866606524,0.750276132055167,0.8554271662821438,0.1051510342269768,0.03567719653533754
K00211.01,0.9641092433634308,0.868329783238097,0.9731215931287568,0.10479180989065984,0.05798387254847186
K02595.02,0.9328966374108731,0.851903172944405,0.9564421090951484,0.10453893615074339,0.03237006540073774
K01689.01,0.028933450517481453,0.015313547265100392,0.11859968992875182,0.10328614266365142,0.038508207231739
K01232.01,0.063858896673883,0.03276628646467473,0.13593674357352123,0.10317045710884651,0.03815400421687699
K01335.01,0.8915573941354809,0.8228699907520836,0.925995607700116,0.10312561694803246,0.036014300242491366
K03158.04,0.9091798395619722,0.8460777979453007,0.9490248573623049,0.10294705941700422,0.03168989472612219
K01596.02,0.9478085013673689,0.8614549151525425,0.964378876453836,0.10292396130129355,0.031583652686690854
K01942.02,0.9257751158388016,0.8487805257087516,0.9516639088684525,0.10288338315970091,0.03224233540954807
K06619.01,0.06486183461939093,0.017437768922352378,0.11997841043073817,0.1025406415083858,0.0357627122759381
K00733.03,0.9067752910302811,0.8447518806929072,0.9472642645704366,0.10251238387752937,0.03429911529802002
K01905.03,0.8251867550228558,0.7935944567107994,0.8957438984018665,0.1021494416910671,0.03569403516353661
K04553.01,0.05615365848735554,0.01869000800553215,0.12018980087217679,0.10149979286664464,0.03314811619840423
K00939.02,0.967395039737873,0.8801052873118779,0.9810349586343273,0.10092967132244945,0.03882426572799819
K03873.01,0.08966657102921834,0.061773166296481156,0.16263460812433136,0.1008614418278502,0.031848591272954425
K00700.04,0.9135271043127233,0.8396222710920714,0.9403009470288259,0.1006786759367545,0.03178682870807089
K03324.01,0.8413449572603138,0.7840673290651876,0.8846911703166603,0.10062384125147272,0.033680092858757935
K04972.01,0.9004618273574059,0.8478976919315752,0.9483495930096161,0.10045190107804092,0.03382040161809826
K07896.01,0.9253243722350522,0.8603601022805004,0.9606767880235302,0.10031668574302977,0.03657604946443775
K00369.01,0.9031174228023937,0.8531662647809735,0.9525514250333952,0.09938516025242172,0.04874885143702293
K06611.01,0.07826502032569758,0.03385304319175691,0.13310072460798872,0.0992476814162318,0.029113350849802568
K02336.01,0.8112720475141213,0.7700660489141861,0.8692754745151458,0.09920942560095969,0.030265537439307363
K00273.01,0.9610803917637039,0.8762570122873832,0.9752730279220576,0.09901601563467444,0.034861636548838566
K03088.01,0.8800220600854803,0.8165610444253123,0.9155242183898077,0.09896317396449539,0.0318131716093663
K00413.02,0.9526884969830574,0.8674273636277436,0.966336273749451,0.09890891012170733,0.03428923414707889
K01521.01,0.9580576424217675,0.8659432945070947,0.964841915783859,0.0988986212767643,0.036804579029807
K02149.01,0.9246146975086594,0.863218728739561,0.9619295151372951,0.09871078639773412,0.03153792404582487
K00758.01,0.955016063848836,0.8740715908254806,0.9727484667113825,0.0986768758859019,0.03711142769123307
K00825.02,0.9141997479626292,0.8431550400863526,0.941603720978469,0.09844868089211645,0.029816636761982
K07379.01,0.028154983405089824,0.013302732092822013,0.11155963536113775,0.09825690326831574,0.031805970990179504
K00366.01,0.2606188554286927,0.19269749577382803,0.29094209026561624,0.09824459449178821,0.04312523743503556
K01910.02,0.8891367100041312,0.8314908084368675,0.9296158867586641,0.09812507832179662,0.033207181520832796
K05449.02,0.04284576150087853,0.020651884181338377,0.11870781233127711,0.09805592814993874,0.03195616692902528
K06240.01,0.6605328908394059,0.6002274631727129,0.6981266814798085,0.09789921830709558,0.040268445983910335
K00661.02,0.9198038201596026,0.8566782034183673,0.9543203611233019,0.09764215770493456,0.03507279701442397
K04133.01,0.12191075886337714,0.08231255166922236,0.17986465419671357,0.09755210252749122,0.032106600573246984
K02169.02,0.8779658169836302,0.8326069435716658,0.9301148665951804,0.09750792302351463,0.03411214876938463
K02217.01,0.8996866897185036,0.8468867749726428,0.944302132506305,0.09741535753366226,0.032565342611252796
K01909.02,0.9305709014661415,0.87007220072419,0.9674126640920832,0.09734046336789315,0.031639111521395466
K04326.01,0.08488953468000718,0.056403934807243566,0.15332362679433256,0.096919691987089,0.032237828655876405
K04630.01,0.9440690641943275,0.8632126743584719,0.9601088540402846,0.09689617968181263,0.03605911029136788
K00003.01,0.9191779582103357,0.8596321649954596,0.956157095834497,0.09652493083903746,0.02907142181198768
K02305.01,0.9115936298221006,0.8573422072044592,0.9536989532732154,0.09635674606875622,0.039205424693390736
K06451.01,0.07410036150171356,0.04684031468022533,0.14242036135680122,0.0955800466765759,0.03125667796050639
K02777.01,0.0652467640481817,0.03221180701504415,0.12762622362587808,0.09541441661083394,0.03227408291505628
K00392.01,0.9409162006999989,0.8761894656018229,0.9715993520072268,0.09540988640540393,0.03381321572562236
K03862.02,0.0701636542553101,0.02128891350947534,0.11649073611130528,0.09520182260182994,0.04202126705836133
K02825.01,0.04024377773121335,0.017029872433868512,0.11210748952822538,0.09507761709435687,0.03323078735321993
K07397.01,0.07836623796443898,0.039660083399601385,0.13431108050007082,0.09465099710046943,0.06865625246326074
K02670.01,0.10399979931922204,0.04308359264261879,0.13757292794034806,0.09448933529772927,0.03999164556198762
K01922.03,0.9343154491520749,0.8793541232333807,0.9733505616209466,0.09399643838756588,0.030762391437194427
K01614.01,0.8456568891899452,0.7950322487518675,0.8888860487438129,0.09385379999194543,0.03079079388411434
K06523.01,0.04029980699812614,0.015428281086277218,0.10886635224894904,0.09343807116267182,0.03040296445254447
K04346.01,0.9213083338476362,0.8471622215871752,0.9404971115421706,0.09333488995499539,0.03145250947901484
K00999.02,0.8536568988584805,0.8132488313550431,0.906405637660343,0.09315680630529988,0.02922097846026867
K02407.01,0.9422750936934698,0.878683897283971,0.9717517247917655,0.09306782750779452,0.03167416379894541
K07049.01,0.019700009521061553,0.010113642713752105,0.10283557924909771,0.0927219365353456,0.03275903066537827
K02253.01,0.9425942266878999,0.8861278069729713,0.9783822028408056,0.09225439586783424,0.027412547855361076
K00612.03,0.9129389164784717,0.8701278608371347,0.9621460009562269,0.09201814011909226,0.036886376961012324
K04742.01,0.7898692153630409,0.7547042556795514,0.8465011587913618,0.09179690311181044,0.028245172352009126
K02497.01,0.9324457881674846,0.8635661166128356,0.9549918454900552,0.09142572887721967,0.031360598439767316
K03203.01,0.8972929996384247,0.8443131242317483,0.9355271956067586,0.09121407137501025,0.028944423081856543
K00345.01,0.9646418795978171,0.8835935368616097,0.9744186760081291,0.09082513914651946,0.04415017861580955
K03294.01,0.01799421421756084,0.009160847820244355,0.0999274781376535,0.09076663031740914,0.040847858172776357
K04807.01,0.13520369764424464,0.07171970082844514,0.16202012821432377,0.09030042738587862,0.031516663853578306
K01279.02,0.9232747015216772,0.8706023341508332,0.9601780220469824,0.08957568789614923,0.03457153149825577
K08016.01,0.03034293931874788,0.01385198050709196,0.1032677179209469,0.08941573741385493,0.037446174845849806
K02984.01,0.9457868875477444,0.8774296369453546,0.9667708560648558,0.08934121911950121,0.030931570139225553
K01430.01,0.9686669175803387,0.8880196275631329,0.9772859539216954,0.08926632635856246,0.03131717333429594
K01377.01,0.956407825262001,0.8966609804617682,0.9857054801405404,0.08904449967877215,0.027892566125760892
K00369.02,0.9415349813352321,0.8796697940362773,0.9684575240569793,0.08878773002070195,0.03644362875381326
K04406.01,0.034378443693207195,0.01604229313317919,0.10458193607756808,0.08853964294438889,0.03719800141591561
K00117.03,0.9465263238545827,0.8652684667326722,0.9536590235851866,0.0883905568525144,0.03146335522795617
K02523.01,0.9404833128991417,0.8928708311823097,0.9811037240166588,0.0882328928343491,0.027046132521485397
K02450.02,0.8990360190801057,0.8513006258936138,0.9394693334093791,0.08816870751576533,0.030498927993268147
K06774.01,0.042818728219551544,0.02200506259479038,0.1100626067568246,0.08805754416203422,0.03372477465200287
K01491.01,0.9243713205551021,0.866898617342874,0.954854757632827,0.08795614028995302,0.030618913237820337
K03401.01,0.9181010637037444,0.8700396075419385,0.9574828972928472,0.08744328975090865,0.028030218719670246
K00229.01,0.9503748270043098,0.8974868494915691,0.9847383594993487,0.08725151000777964,0.027736416699960003
K07575.01,0.02250145097809602,0.00878238225008783,0.09578835661816869,0.08700597436808086,0.04404861526047751
K01341.01,0.9423690109304856,0.8925305144909684,0.9793363194133862,0.08680580492241774,0.0295299108132095
K06018.01,0.0370428013497497,0.02280348813222186,0.10950576886192961,0.08670228072970776,0.06186326362268285
K02449.01,0.9315464713313093,0.8732040122682755,0.9595181757651435,0.08631416349686805,0.03117418838656678
K08282.01,0.11830421271064145,0.08943546947854118,0.17571112520340293,0.08627565572486175,0.03032293692492595
K02087.01,0.9253609591610383,0.8799589885162206,0.9659342049897444,0.0859752164735238,0.027294138966539632
K00945.01,0.9349568264706114,0.8822015768203968,0.9676611392263631,0.0854595624059663,0.02610796041242487
K04009.01,0.9513578767232379,0.8865409819076101,0.9719309752215903,0.08538999331398023,0.02844983078699495
K01809.02,0.9191016057292374,0.8685315737941907,0.9536955978659601,0.08516402407176948,0.03829992617169238
K02992.01,0.9377707563267319,0.8620590164406928,0.9470876971490049,0.08502868070831204,0.0267125528017814
K03870.01,0.05151668127394368,0.0070370935015715876,0.09159020371467154,0.08455311021309996,0.0360703806822946
K02153.02,0.9344216990904914,0.8756872592471112,0.9593700463739776,0.08368278712686639,0.0285610741301602
K03930.01,0.05787795252430354,0.033477340376348565,0.11661096142323152,0.08313362104688296,0.029947599866722924
K02538.01,0.8998612724694539,0.8526611498538085,0.9354848246540844,0.08282367480027597,0.028139532629728677
K01905.01,0.9017569470965068,0.8570822147548328,0.9386517033520598,0.08156948859722701,0.026139799639009163
K08009.01,0.023839145597950494,0.0099122423544522,0.09143820620154554,0.08152596384709333,0.025692070059204392
K03344.01,0.9396649710523259,0.8927481418158352,0.9741868524035822,0.08143871058774699,0.030737339539636133
K01052.03,0.9291182411225127,0.8909352121583077,0.9722162291968686,0.08128101703856083,0.0258336485621339
K06290.01,0.028057211274340216,0.014013443592228976,0.09509811109889786,0.08108466750666889,0.02778111463552947
K01478.01,0.9148946583459548,0.8657174971051481,0.9463909772460659,0.0806734801409178,0.024519341202012362
K03219.01,0.05599970664517923,0.029740487439634762,0.11027879342251215,0.0805383059828774,0.02308149205952564
K04565.01,0.0648580708489466,0.030476879185815327,0.11095196297879686,0.08047508379298154,0.02596694842467887
K02058.01,0.8196317150015897,0.8022909098051532,0.8825081003460082,0.08021719054085508,0.02684960868620972
K02174.04,0.871302876824156,0.8426492965866887,0.9227073824237227,0.080058085837034,0.025464353340376666
K00939.04,0.9656762538813406,0.9050528606645515,0.9850355588400269,0.07998269817547543,0.025067262668203253
K03341.01,0.9559160315252416,0.894740880081186,0.974703266106792,0.07996238602560601,0.03285060667006809
K02256.01,0.9523301664291836,0.8815365649637541,0.9612105471835903,0.07967398221983624,0.028934186491567065
K00971.01,0.032669711181980025,0.02142090728531464,0.10105347261168518,0.07963256532637054,0.0321448034481446
K01429.01,0.8977534824110858,0.8530687857029453,0.9325930993501417,0.07952431364719637,0.02717670508879333
K04663.01,0.917714655592718,0.8563747219826676,0.9358465620623257,0.07947184007965813,0.0299769307415641
K04097.02,0.9029654961641812,0.868655588010824,0.9480387536315212,0.07938316562069725,0.029921264097511856
K00152.01,0.9423240455395483,0.8839882275264067,0.9633646334875323,0.0793764059611256,0.026195604165907653
K03158.03,0.9129730586616953,0.8626139796286223,0.9418558623323432,0.0792418827037209,0.02587411477590454
K02045.01,0.94678223388121,0.8877344370978391,0.966817010616311,0.07908257351847192,0.028374187679121164
K04735.01,0.8411736867641515,0.8029218016820655,0.8818602694505352,0.07893846776846969,0.02608112015230468
K01867.02,0.939722179883441,0.8985434613811645,0.97631618455753,0.07777272317636552,0.03082978418892973
K02730.01,0.9312456767882475,0.8849401405160944,0.9623020917660149,0.07736195124992051,0.030357466096305623
K01135.01,0.034817599690422876,0.008077487809930957,0.0850188066764841,0.07694131886655314,0.027197327007595872
K01151.01,0.9403535015071309,0.8803188395502629,0.9570483219438849,0.07672948239362198,0.02493928477071036
K01646.01,0.9071162308373961,0.8559547536696466,0.9325428603568934,0.0765881066872468,0.02514754235385807
K01716.01,0.940929408439144,0.8789950677205363,0.955335947217553,0.07634087949701673,0.024022852301242993
K03393.01,0.9604868989676103,0.8976917752561064,0.9739515639856979,0.0762597887295915,0.025164675596701925
K04040.01,0.0344593974517557,0.01706139456123693,0.0932837138944476,0.07622231933321068,0.03870776447023635
K03254.01,0.033395081415470686,0.016062223090046224,0.09220229983968913,0.0761400767496429,0.034630345265186505
K01016.01,0.9426124535553606,0.8835055780408753,0.9593672041953589,0.07586162615448366,0.02893062747886215
K00742.01,0.008171036887123858,0.005020084387023831,0.08049906413673706,0.07547897974971324,0.021007225344729732
K01298.02,0.861998596274441,0.8276948917132801,0.9031039937377913,0.07540910202451112,0.02190514391812417
K01057.01,0.06539066661538753,0.03844751660618722,0.1134836736200079,0.07503615701382069,0.021699023062555865
K02338.01,0.9435260667537468,0.8939369082692367,0.9686520684836581,0.07471516021442148,0.02251668954863643
K06991.01,0.0332848060383959,0.01609872683927464,0.09057858115066861,0.07447985431139396,0.05643710621559027
K01232.02,0.22284738541818047,0.18643519394308167,0.2607885717464167,0.07435337780333501,0.023500157005612157
K01868.01,0.9681382436292693,0.8985929732757509,0.9728928215176408,0.07429984824188984,0.022399215403921716
K03778.01,0.07653877713803194,0.04985465841248645,0.12414188763117141,0.07428722921868497,0.02663700278548303
K04144.01,0.11798750652241781,0.06907734556135718,0.14332529276499387,0.07424794720363669,0.021413307983125896
K02856.01,0.9507895421247189,0.9056450786346522,0.9797737424107353,0.07412866377608318,0.024527962556363688
K02525.01,0.8888618416670075,0.8450974756907444,0.9188081269744158,0.07371065128367138,0.02195584174081534
K06406.01,0.9101103194370419,0.8735363156882917,0.9470999165701438,0.0735636008818521,0.02349157615357658
K00574.02,0.9511222898505871,0.8939964018442658,0.9675346995152344,0.07353829767096864,0.02777041737923776
K04617.01,0.9077253350191161,0.870010903557431,0.943391660639613,0.07338075708218195,0.02383785068282989
K03437.02,0.940097278622571,0.8884428755817103,0.9617022352611349,0.07325935967942454,0.022544301697090374
K00457.02,0.9746513657333057,0.905087635045869,0.9781276725030479,0.07304003745717891,0.027169735997308875
K03432.01,0.9647989861885384,0.8981448783646323,0.9711726527697864,0.07302777440515407,0.030334829626678196
K01196.03,0.9463697684790191,0.893125042135875,0.9661482334733525,0.07302319133747759,0.02429848089858846
K00117.02,0.9080199053006515,0.8832002369298085,0.9561981275567766,0.07299789062696804,0.03598839630204285
K06949.01,0.2940322361831576,0.2619982943048543,0.33458109158716165,0.07258279728230738,0.02456729946589572
K04198.01,0.08979237500204942,0.06045938692493501,0.13300835661653224,0.07254896969159723,0.024393952581215073
K00089.01,0.9123185473280493,0.8655115811366092,0.9377669322918667,0.0722553511552575,0.024877787787467565
K01020.01,0.0344695423657015,0.017086578694748226,0.08923162719536246,0.07214504850061423,0.023065490119341735
K01212.01,0.9440218424137281,0.9083608637558953,0.9804652552541845,0.07210439149828918,0.022326996847755822
K05987.01,0.10087119549028711,0.06126416829317261,0.13331143755802347,0.07204726926485086,0.04100852340273624
K02078.01,0.9598415838028831,0.8934097762848543,0.9647708259478878,0.07136104966303347,0.021199770268477556
K04146.01,0.9095140727889451,0.8641063469094293,0.9351068420820561,0.07100049517262674,0.020057665908825458
K00671.02,0.945345373416445,0.8952071906703041,0.965696646539303,0.07048945586899891,0.030273024193377223
K06139.01,0.02179642718453806,0.01473877171908413,0.08495975252086924,0.0702209808017851,0.02781489146628453
K02638.01,0.8812882720591838,0.8442423504650105,0.9142913324940679,0.0700489820290574,0.028083413148690502
K07749.01,0.9322794320007706,0.8986544476714906,0.9686936957069147,0.07003924803542405,0.018530909103174755
K01310.02,0.9335298243893847,0.8776385145016934,0.9473121787234006,0.06967366422170718,0.022715640940466703
K00566.01,0.9573244181096796,0.9153349665160867,0.984990093598296,0.06965512708220933,0.018636650400325954
K06501.01,0.05503871451118776,0.012806286229475638,0.08232944517158716,0.06952315894211153,0.022425688311013516
K02077.01,0.07639268385639623,0.04782086433918033,0.11711379113258776,0.06929292679340743,0.025932628128144324
K02949.01,0.9293410640002449,0.8866778118283476,0.9557820329166816,0.06910422108833403,0.033076822467641966
K02339.01,0.8609013899281426,0.81854417429916,0.8875641438476101,0.06901996954845002,0.02201102762097171
K04825.01,0.03915035898815005,0.018944327262469897,0.0873752293423223,0.06843090207985239,0.023183293972764234
K04208.01,0.8504510879035643,0.8184255467253551,0.8867578720631859,0.06833232533783085,0.024855654178972945
K01822.01,0.957108053991721,0.9101096452212005,0.9784343689877164,0.06832472376651588,0.023418297336093515
K02485.03,0.9378194729549836,0.8896001488564994,0.9574365556837447,0.06783640682724534,0.023963196781868368
K02282.01,0.9396794238555155,0.8968796972858148,0.9646262040912701,0.06774650680545524,0.021158065302152522
K01627.02,0.9483905080116585,0.8938128696074723,0.9614061055920717,0.06759323598459943,0.024849219037983854
K02169.01,0.933160718101973,0.8857102802574403,0.9532754423166476,0.06756516205920737,0.022772558081096683
K08261.01,0.8287410276093362,0.7873207274426538,0.8546474285082013,0.0673267010655475,0.023225719301929463
K04058.01,0.04743231728036004,0.02452476184363736,0.09164390324129572,0.06711914139765836,0.022801705588930594
K01286.01,0.04593143262756825,0.02134984294546415,0.0884677296408049,0.06711788669534076,0.021270674488028937
K02848.01,0.9363622726947135,0.8985048226679023,0.9652880931147726,0.06678327044687027,0.020236215947623065
K01142.01,0.9218291980442079,0.8823160305129062,0.9489610608413809,0.06664503032847469,0.023036335902109233
K07967.01,0.04269304405873797,0.017773006475055683,0.08440389113760106,0.06663088466254538,0.018942984158769247
K02134.01,0.9545802579032301,0.9202943312576146,0.9866708182604874,0.0663764870028728,0.02112370526278667
K00436.01,0.03294446707411647,0.024722529493330394,0.09041238169608312,0.06568985220275272,0.04431714966794874
K03711.01,0.04945683814863516,0.028979088810178178,0.09442615203062012,0.06544706322044194,0.020254403530912585
K02304.01,0.9489784151136726,0.9058658021551405,0.9712098858127881,0.06534408365764766,0.021296050304379695
K01086.01,0.9420980015430546,0.913707370647604,0.9789923456461959,0.06528497499859187,0.020124067450428627
K03437.01,0.9519588080489116,0.9083554895958815,0.9736313191705704,0.06527582957468892,0.01831238816624453
K06464.01,0.022019191384220066,0.012821666535794326,0.07806349251663375,0.06524182598083943,0.021746176171404723
K07585.01,0.04798760524798763,0.010699934179049724,0.07574541547384783,0.0650454812947981,0.021141690746983716
K00671.04,0.9446211125154707,0.901604863760657,0.9664036405192046,0.06479877675854762,0.02017330783432661
K01555.01,0.9479035245836531,0.914369037962254,0.9791187745820842,0.06474973661983019,0.01997964951228611
K04882.01,0.9228391948675555,0.8865980164109772,0.9509103058934867,0.06431228948250944,0.019023783572317644
K04003.01,0.03176370689942164,0.0172701762895175,0.08104358486555188,0.06377340857603439,0.02052290208845545
K01301.01,0.9619199474504267,0.9091129539978808,0.9728246111343637,0.06371165713648286,0.020879361129785928
K03336.01,0.03253735872010885,0.019691038367407866,0.08298342327826799,0.06329238491086013,0.03641999859910163
K05729.01,0.03466846829054227,0.01585250709219371,0.07904274951449156,0.06319024242229784,0.02227207522216006
K02841.01,0.9177668109997428,0.8706685303293554,0.9335128582214532,0.06284432789209782,0.02057526591126939
K04130.01,0.04911701816260246,0.02030444197071118,0.0829825923156216,0.06267815034491042,0.019621198868017626
K03400.01,0.12032564450383613,0.09736100354514633,0.16003015706127097,0.06266915351612463,0.019637870924768683
K01909.03,0.9497790310967489,0.9189873377652291,0.9815154354926127,0.06252809772738355,0.021061915962867765
K06336.01,0.03464274565493863,0.016719291904031396,0.07915832187769915,0.06243902997366776,0.03081613861878091
K03528.01,0.04210447284291443,0.023842637761496022,0.08596173511917814,0.06211909735768212,0.027120984377368717
K04165.01,0.10524003882447525,0.07890553037828989,0.14099908524182828,0.06209355486353839,0.023476482621012172
K04127.01,0.9168582757780432,0.8827516302225995,0.9447336826292543,0.061982052406654775,0.02094146999613891
K00049.01,0.9201852936891728,0.8804713186429844,0.9423874200831548,0.061916101440170346,0.023150696167171962
K01628.03,0.9492152989765572,0.9112972341809978,0.9730635643094976,0.06176633012849975,0.021388556314111882
K02705.01,0.9472714354269518,0.90684805778421,0.9686097184665277,0.0617616606823177,0.026962022535372693
K00925.01,0.022522433992758335,0.010007647276552867,0.07171792904873925,0.06171028177218638,0.03293077168411047
K02485.01,0.9419014034712512,0.8969586609565086,0.9585753648891905,0.06161670393268193,0.020525891328033577
K06271.01,0.008617836832460205,0.008580629350672685,0.07009087255382947,0.06151024320315678,0.0291737830090787
K07067.01,0.011825822017945613,0.004526304329401073,0.06596770685774979,0.06144140252834872,0.027743589794944436
K03710.01,0.03490690285532355,0.016660991817707242,0.07795907089685038,0.061298079079143135,0.01977268418978761
K03343.01,0.9280724790992744,0.9059419115842082,0.9672377197535454,0.06129580816933722,0.022880499324785464
K02530.01,0.9487075537262056,0.9091044747822024,0.970241391354835,0.06113691657263265,0.018313225345078895
K02741.01,0.0589400301652961,0.03387193877400748,0.09472088674990961,0.06084894797590213,0.01930989065943692
K00650.01,0.9617538192160735,0.9238093823549449,0.9841719279365811,0.06036254558163623,0.019215565428761485
K03719.01,0.07487504907274826,0.020833852450993853,0.08102653043586434,0.06019267798487049,0.01862285687042352
K00992.01,0.9674430439112806,0.9197582785432219,0.9796217039575581,0.0598634254143362,0.019272317960671463
K00671.03,0.9396290909067613,0.9054059861208905,0.9650899847053696,0.05968399858447904,0.01966331682414804
K01994.01,0.013316261366108301,0.007026633217974028,0.06649056832736462,0.059463935109390596,0.029648691985493216
K06916.01,0.027295060277755922,0.011608726338292392,0.0707708144107841,0.05916208807249171,0.02030098051872394
K03249.01,0.038068149038087536,0.015529576936208581,0.07433340730888201,0.05880383037267343,0.01910030515714492
K07747.01,0.05233675065835764,0.034076224721248445,0.09264439724959606,0.05856817252834761,0.022743863812907997
K03158.02,0.935402599337744,0.9004857839033181,0.9590478931139093,0.05856210921059113,0.019137304722182082
K02335.01,0.9292114061236365,0.895691845532888,0.9542327156642564,0.05854087013136833,0.021531853886867715
K00945.02,0.9547156771436092,0.9256132451760688,0.9839173687188131,0.05830412354274428,0.017595792384782982
K00244.02,0.9584054563975513,0.9134976389148205,0.9716819260983798,0.05818428718355928,0.017629447053630065
K02424.01,0.9243158952563597,0.8913034315219622,0.9492008267680119,0.05789739524604964,0.020624444250952053
K06220.01,0.04482344219876486,0.0223917160313183,0.08027572669788724,0.05788401066656894,0.01737193257237625
K02862.01,0.9081410230186,0.8758427843922285,0.9336960470405595,0.057853262648331016,0.01865613567386098
K02524.01,0.9656013993147559,0.9156916563080872,0.9733160347516918,0.057624378443604574,0.01893250933118762
K02818.01,0.05107264655117685,0.02497665755292522,0.08227798165082352,0.0573013240978983,0.018982707946699547
K00919.01,0.03561577183780039,0.01686389364599501,0.07398911901636122,0.05712522537036621,0.020071079534773516
K04166.01,0.9600908021297276,0.9269906753010649,0.9840083712625382,0.057017695961473214,0.016842018890715477
K06434.01,0.02379461460308078,0.011355801260295128,0.06836001791065716,0.057004216650362025,0.02907744015197578
K00586.01,0.9568502020289186,0.9231266807639412,0.9801047105668068,0.05697802980286559,0.01831202460775072
K00977.01,0.025223627379464156,0.02425670702551402,0.08118279589061303,0.056926088865099006,0.01933583023622484
K04085.01,0.015556871681801315,0.008516925147636424,0.0650500048930244,0.056533079745387974,0.019043613409598616
K00517.01,0.9353487200120144,0.9064082535582676,0.9627399551830017,0.05633170162473411,0.021530916180667114
K04045.01,0.027119270187626457,0.013313089129658612,0.06928244290163042,0.05596935377197181,0.016281612490599985
K07922.01,0.06998565126314629,0.04629579447872021,0.10217526252707523,0.05587946804835502,0.019251765588329663
K07014.01,0.023249839079620385,0.011285120580948861,0.06710605795550209,0.05582093737455323,0.0522887110266823
K03660.01,0.02640530258782543,0.016755351740508635,0.07208040663007967,0.05532505488957103,0.02165062852774294
K01238.01,0.9270663058529477,0.8966834671880354,0.9519730244260355,0.05528955723800011,0.017356635508855762
K07560.01,0.04934689672477468,0.025423289892022815,0.08033427377063793,0.05491098387861511,0.022401721140937334
K07671.01,0.07480380325850702,0.04671753987754692,0.1012893721122124,0.054571832234665475,0.01741699858957426
K03758.01,0.01546270043305906,0.007220726144554904,0.061756249734762375,0.05453552359020747,0.02391428568571042
K03026.01,0.9347013001778062,0.9051688490994144,0.9593818462351762,0.054212997135761776,0.01743534671132026
K02690.01,0.9391771483510731,0.9059644360322173,0.9597552346654011,0.05379079863318381,0.0178684401636665
K04206.01,0.03235512194767215,0.016607133026323773,0.07038395322388011,0.053776820197556335,0.02616346972155008
K01262.01,0.9388844451881153,0.9043346554422179,0.9580970486899846,0.05376239324776666,0.01811653648630273
K02348.01,0.9596578739634383,0.9310017731759392,0.984518411413458,0.05351663823751873,0.01942831473332912
K04568.01,0.056910214937742225,0.03555213559004307,0.08887968284075387,0.0533275472507108,0.018003200465837404
K01728.01,0.03447733285851541,0.009488624794081649,0.06273303170016611,0.053244406906084465,0.021314156231919318
K02887.01,0.011360465126169943,0.007209914311239901,0.06043554406857383,0.05322562975733393,0.016789765454542346
K01562.01,0.02387327866430497,0.015734840494203265,0.06811154623523058,0.05237670574102732,0.0315827705659342
K02582.01,0.9490699039153653,0.9129470896270189,0.9649130684686634,0.051965978841644556,0.018081434562125513
K00909.01,0.01067446772387874,0.008295669400732656,0.059780231619371474,0.05148456221863882,0.023605840403044143
K08023.01,0.020634340976504198,0.010629594093037958,0.06208344717024612,0.051453853077208164,0.019050538178919815
K06809.01,0.028968522369551553,0.01457592017273489,0.06582776138034947,0.051251841207614585,0.018538639606918653
K00399.01,0.0229889088466554,0.010518964137136542,0.06165689731330291,0.05113793317616636,0.01622322859278455
K07891.01,0.030166469178986615,0.014010411232713585,0.0651222545142343,0.051111843281520714,0.018759631849280627
K00246.02,0.9491920236350067,0.9169496875927967,0.9679533574271112,0.05100366983431448,0.01668094001434528
K07314.01,0.040329024539535185,0.022035189321052504,0.07283273352028825,0.05079754419923575,0.02541305307130502
K06800.01,0.030535577145671934,0.015203881905195763,0.06583787602926242,0.050633994124066654,0.022971154549770407
K02450.01,0.9438164732546244,0.9147354095617959,0.9652362464801282,0.05050083691833229,0.021014209912154854
K02174.03,0.9461898144571046,0.9149026928875145,0.9652325629612079,0.050329870073693384,0.018866280647566867
K01818.01,0.9500479286854396,0.9126925422680617,0.9629018939427433,0.050209351674681546,0.03480354232188294
K07323.01,0.02876102061763749,0.01254040315718303,0.06255397751839116,0.05001357436120813,0.015768188586660823
K00511.01,0.9476402002371926,0.9218912838286454,0.9715928279496714,0.04970154412102601,0.015143520051311117
K01196.02,0.9609493081679941,0.9199742061855962,0.969666355971621,0.049692149786024764,0.017544163029924835
K02485.02,0.9300986504146086,0.8954439599337463,0.9447720151379021,0.04932805520415584,0.015639924219489922
K07544.02,0.057155308024335584,0.046673857114220514,0.0959408252461772,0.04926696813195668,0.026928478230821326
K02681.02,0.9436927852019308,0.9145869098687235,0.963781177550782,0.04919426768205848,0.016237324337284035
K01061.01,0.943887088779942,0.9211610559640948,0.970072940325818,0.048911884361723224,0.015708051124392636
K01911.01,0.9511199228029577,0.9236065825034631,0.9724600083774058,0.0488534258739427,0.015647131200627988
K00936.02,0.838898874632872,0.806890470085677,0.8555628407515069,0.048672370665829856,0.020289428422878578
K02082.01,0.9511559997922165,0.9195704638242556,0.9682071727084638,0.048636708884208235,0.016244448498039007
K04937.01,0.010288240812685447,0.0031121101613745977,0.051671378375251494,0.0485592682138769,0.016778051401813578
K00934.01,0.9602590322644521,0.937580164197181,0.9858740758567628,0.048293911659581745,0.013975388968640362
K06407.01,0.04774377379358674,0.01146624889375268,0.05964042767897193,0.04817417878521925,0.017753446181845323
K02013.01,0.8900556241162747,0.8674407391431688,0.9154937810042701,0.048053041861101375,0.01396509245431482
K02205.01,0.9513021326096882,0.9215443438231866,0.9694709553502385,0.04792661152705191,0.015198639080852314
K02294.01,0.9655403544501897,0.9281309243905345,0.9759787801031861,0.0478478557126516,0.0175327613560155
K02286.01,0.9545542770514748,0.9219043878402811,0.9693868415058475,0.04748245366556647,0.015318419051043931
K00825.01,0.9338588182441796,0.9078374518110207,0.9546552810965769,0.04681782928555622,0.014671108593999324
K06010.01,0.0248206176819789,0.011341219922546138,0.05804110751603389,0.046699887593487754,0.018194146604906
K05662.01,0.9323836772097924,0.8983403611752069,0.9449372884334878,0.04659692725828091,0.016085251402016828
K07547.01,0.042118794325868555,0.026449742416626648,0.07284320773342466,0.04639346531679801,0.013102092383036319
K00598.02,0.9350711347085074,0.9041988805022924,0.950590020894565,0.046391140392272656,0.01601615123170755
K01100.01,0.04962765035236849,0.03158893518349936,0.07792880373221359,0.046339868548714226,0.013860641027005845
K01216.01,0.9600693474591692,0.9265861667156405,0.9727718459878772,0.04618567927223671,0.0141067976298436
K06658.01,0.018354559722962516,0.014254257790863008,0.05968016457388713,0.04542590678302413,0.015888342105450634
K07857.01,0.09659970311717726,0.07368709409480788,0.1186945508252123,0.04500745673040442,0.013983854271050363
K07728.01,0.023337020072576722,0.011475642667533101,0.056314963186663465,0.044839320519130366,0.015947915125142487
K01487.01,0.025095595203289488,0.015179569864363586,0.059982690574336125,0.04480312070997254,0.0155940951335021
K00952.05,0.7490542443910597,0.7229756535094501,0.7677034420223907,0.04472778851294057,0.016782991562414883
K02174.01,0.9560448564032274,0.9247901052149171,0.9694919867482997,0.044701881533382615,0.014577612836128847
K03399.01,0.03829703447652863,0.014584799014221172,0.05922449042169143,0.04463969140747026,0.01704267473959263
K03098.01,0.015071247428631942,0.006296315081667669,0.05077336683422181,0.04447705175255414,0.01870411876620475
K06335.01,0.010409307153670869,0.004121669736954791,0.04839193548042871,0.04427026574347392,0.013478279492339876
K01275.01,0.9704461442427907,0.9405457261717969,0.984580304404307,0.04403457823251011,0.013097009297032489
K03699.01,0.028304026778336676,0.01519113765418838,0.0590630874025256,0.043871949748337226,0.015798262109317587
K00780.01,0.9502340771314499,0.9150713133895233,0.9589360724294269,0.04386475903990361,0.01946755676950526
K02213.01,0.943575336969576,0.9180234594056282,0.9616296001561901,0.043606140750561906,0.013130094122607214
K02532.01,0.9602639404141616,0.929713336226995,0.9732289628328287,0.043515626605833635,0.012691684602719024
K00015.01,0.020286636540637847,0.013567957489916394,0.05694014295803038,0.043372185468113986,0.016721128356710118
K03976.01,0.008334723957650877,0.005027127327095736,0.04815239176335494,0.0431252644362592,0.015295198276608322
K07053.01,0.011876482935865233,0.007511512971490291,0.050597226207738634,0.043085713236248345,0.017269511788624656
K01786.01,0.35417281853588245,0.3320516401328428,0.37502810398826103,0.04297646385541826,0.0203974016174387
K02182.01,0.9497635335138206,0.9206169805505752,0.9635774691338117,0.042960488583236534,0.014288331838137132
K06379.01,0.013313089069444724,0.009399439421095356,0.051979875015175855,0.0425804355940805,0.01537702393907345
K04547.01,0.009941138849427204,0.006491896042878054,0.04882000390659279,0.042328107863714735,0.012905406597931868
K02924.02,0.9582422827371992,0.9301613284647693,0.9723640076024858,0.04220267913771647,0.014318521349148622
K06535.01,0.04600981349256305,0.02763302243077,0.0696986586920074,0.04206563626123741,0.013588441774051276
K02774.01,0.7966299064426913,0.7776652000124576,0.8196686044153728,0.04200340440291517,0.054576354502989276
K07799.01,0.03749402856965928,0.02134492381278764,0.06329157591225142,0.04194665209946377,0.01201353170790931
K00934.03,0.9605268399878281,0.9437039001762452,0.9854677089689092,0.04176380879266406,0.013927153722625762
K03158.05,0.9437047612466702,0.9227342243430057,0.9644500779222189,0.04171585357921326,0.012540638255183912
K00618.01,0.9610360284868741,0.945710638649786,0.9873974518705905,0.041686813220804475,0.011511507558218755
K07313.01,0.017584129200637646,0.0065260209271143545,0.048173011482203286,0.04164699055508893,0.013790055213131747
K00275.02,0.9266160510712738,0.8972304815756862,0.9388563324955571,0.04162585091987092,0.018556159463859124
K03536.01,0.01902162387183904,0.011004273098177381,0.05244415885521361,0.041439885757036235,0.011501710619866505
K05980.01,0.03049724558162955,0.010292976793977757,0.05157146176507518,0.04127848497109743,0.01376883966535011
K01602.01,0.9680004140434487,0.9361092900640487,0.9773468600554225,0.041237569991373735,0.017679430959322274
K00569.01,0.9696963076200902,0.9359550059474071,0.9771164112315536,0.04116140528414647,0.01381007299666406
K00191.02,0.935598153817217,0.9147514708702116,0.9558461374672921,0.0410946665970805,0.013219122346321523
K01535.01,0.9417956768648099,0.9140899969948502,0.9550831165461902,0.040993119551339996,0.013332016211434162
K00705.01,0.026734715867777002,0.012352997854931786,0.05289349784449855,0.04054049998956677,0.01589763952611143
K02078.02,0.931295006186343,0.9103088452065541,0.9508002142334272,0.040491369026873114,0.014687982653492384
K00814.01,0.9340233733043061,0.9102748877128511,0.9506494886578012,0.040374600944950045,0.012599857613544948
K01606.01,0.9502608969334303,0.9213034219752325,0.9615101306957493,0.04020670872051679,0.011823994723358483
K04097.01,0.9147848262609308,0.9069408846539615,0.9470315923778526,0.04009070772389112,0.01607138129738754
K05527.01,0.021768706832769047,0.01088772755633872,0.05094565595287877,0.04005792839654005,0.012592523185827246
K00137.01,0.9422217248515046,0.920306910757611,0.9595045026259438,0.039197591868332826,0.01293350436383176
K07576.01,0.025549988875394326,0.013564321667637366,0.0527352119308373,0.039170890263199934,0.014122746292178266
K03910.01,0.012596841584415805,0.008514667531118217,0.047585552946940585,0.03907088541582237,0.014949488607548533
K02400.01,0.9482716998244763,0.9255869601480522,0.9644530749596982,0.038866114811646035,0.015689684828400906
K06011.01,0.023861056588706728,0.00937768625541461,0.048214257977420655,0.038836571722006046,0.011640662811554098
K02945.01,0.9548137092934446,0.934108666057662,0.9726548059861181,0.038546139928456125,0.016485209194894664
K00523.02,0.9534179337177446,0.9358269688828147,0.9742947294027835,0.03846776051996881,0.011716067834208033
K02167.03,0.9696544045040897,0.9374497132255903,0.9758251559848212,0.03837544275923088,0.013122766532096989
K02839.01,0.9037359688605533,0.8886002620618642,0.9268110213660962,0.03821075930423201,0.014071855873453951
K02120.01,0.9556481978034821,0.9320534354145595,0.9700519721040481,0.037998536689488605,0.012887347460632187
K07548.01,0.011408916231733547,0.006135627464075455,0.04398823531450988,0.03785260785043442,0.013571305500737079
K07613.01,0.018635387581880478,0.008449358598194198,0.04611234170489739,0.03766298310670319,0.012045015767633473
K01863.01,0.9595334162157255,0.9383688593602094,0.9759015992832784,0.037532739923068936,0.012361576418494275
K06420.01,0.020846574975937456,0.006750736832930101,0.04427406295383652,0.03752332612090642,0.012867750836261975
K00487.01,0.9464278107543591,0.925650744720985,0.9630306438232799,0.03737989910229489,0.013533494967449107
K01348.01,0.008202741599167413,0.0045114534312020544,0.041380996403427926,0.036869542972225874,0.014170002924092314
K03285.01,0.9239025230990818,0.9034020819014521,0.9402425078803902,0.03684042597893811,0.013484565128512947
K01489.01,0.9502216220071666,0.9240733517846713,0.9608769990469349,0.036803647262263595,0.014953818699653232
K02060.01,0.9353489994036374,0.9161015942981208,0.9528374871024209,0.03673589280430012,0.01083935702198288
K03668.01,0.024586446119417602,0.009496266201428892,0.04621376751925979,0.0367175013178309,0.05433811172909709
K02490.01,0.9456986851342893,0.9230088275094754,0.9596248091331872,0.03661598162371171,0.011882246259670591
K02073.02,0.9648080264733148,0.9381981714624509,0.974737896701358,0.03653972523890714,0.012044345658405167
K00137.02,0.9293389433703951,0.9099120218623832,0.9462830617796253,0.03637103991724211,0.011371430074456557
K03844.01,0.02646055340629077,0.02534385185973477,0.06169627364728544,0.03635242178755067,0.01738873732158271
K00374.01,0.9557320601989757,0.9341396085840036,0.9703786989694723,0.036239090385468686,0.012215418885941543
K02719.01,0.9528220141635977,0.9280915624663486,0.9642024846795688,0.03611092221322021,0.01228640163002003
K01324.01,0.03427993415006232,0.02447482427989781,0.06039262081426625,0.03591779653436844,0.011558435951674776
K01627.01,0.9651419448443683,0.9380099053507887,0.9738481927881893,0.035838287437400695,0.019125406922606274
K03853.01,0.04737629684299226,0.03563467440284563,0.07145089085246863,0.035816216449622996,0.0231900623954609
K00811.01,0.9596102311842267,0.9311433728186823,0.9669406104126875,0.035797237594005216,0.011794805353564265
K03145.01,0.9437962608031703,0.9245203271965776,0.9603154251666056,0.035795097970028,0.011478645732712546
K02025.02,0.9609447835852779,0.9357367972172008,0.9714557202969537,0.035718923079752884,0.017657397303711138
K07216.01,0.029084377004346164,0.015162241942910454,0.05087580792452326,0.03571356598161281,0.011725231533130506
K00864.01,0.9553503632855053,0.9322042279164524,0.9678597142616223,0.03565548634516991,0.011644962508421133
K07000.01,0.011630606257860015,0.005942658678427842,0.041476192045698926,0.03553353336727108,0.015252234517252126
K01909.01,0.9659478086353813,0.9473002248406368,0.9828322937051857,0.03553206886454885,0.01252735269834038
K02067.01,0.9681344295353994,0.9461238234686413,0.9815956256885877,0.03547180221994639,0.015799584657261154
K00733.04,0.9545964972905987,0.9331242482788372,0.968447755901124,0.035323507622286754,0.01051870451801727
K05717.01,0.021629007993196572,0.010416524548416588,0.04546282482311444,0.03504630027469785,0.013236821854218983
K01989.01,0.9293045015150052,0.9077517257292289,0.9426056738507915,0.03485394812156262,0.011650712277969055
K02487.01,0.9774796295616572,0.9487831788282062,0.983601775041128,0.034818596212921826,0.011237237247138675
K05995.01,0.022974360387137606,0.009884181288633246,0.04469402303608572,0.03480984174745247,0.01714041921204758
K01040.01,0.009671450536130697,0.0046513285074834465,0.03901819157086597,0.034366863063382526,0.019849867025922348
K04043.01,0.017306325140957125,0.00890077491666877,0.043227621676745424,0.034326846760076656,0.011913395515793259
K01279.01,0.9564793102384783,0.9425905033308056,0.9768450791531078,0.03425457582230218,0.0111098386906289
K07037.01,0.03172407432206523,0.01722615639336236,0.05147595276398175,0.034249796370619395,0.05140169017709946
K00191.04,0.955784355508893,0.9298392010301618,0.9638786845125596,0.034039483482397825,0.011492573992214048
K05179.01,0.02446106751966991,0.013096070554407096,0.04702659403364698,0.03393052347923988,0.010802849255680244
K02930.01,0.02264121704100892,0.010018248694654883,0.04392312029875117,0.03390487160409629,0.011278720668062776
K01179.01,0.019127314293718133,0.011775468215809451,0.045676735638772656,0.033901267422963205,0.013166032048919729
K00508.02,0.9614661228746357,0.9442140780967905,0.9778768369831219,0.03366275888633141,0.016421174036410847
K06823.01,0.013742378763707755,0.0072693033440772905,0.04086952206045794,0.03360021871638065,0.011769024125935121
K03524.01,0.027840579015689693,0.016675670013775457,0.050160086735328825,0.03348441672155337,0.010643156305568242
K00275.01,0.9592791315445109,0.9371015686672716,0.9705650185697413,0.033463449902469744,0.013126609469352865
K00752.02,0.9493933753217711,0.9305114944822113,0.9638779371568865,0.033366442674675256,0.01651100281243611
K03819.01,0.014746671402358686,0.004064390349183555,0.03719270904594354,0.03312831869675999,0.01381501227594046
K02274.01,0.9510639377097427,0.9311863749702546,0.9640083741770655,0.03282199920681095,0.010596110509996553
K00117.04,0.9370300866592732,0.9245895905006777,0.9573633865247875,0.03277379602410979,0.008827626297010846
K06806.01,0.014760410935012774,0.008266418293986288,0.04099942777774568,0.03273300948375939,0.011515401213403153
K02219.01,0.9391223966251816,0.9212968680068127,0.953809211108139,0.032512343101326335,0.011114544298340618
K07454.01,0.017404251960505237,0.010422965085536185,0.042820569896803176,0.032397604811266995,0.013622451573374246
K01052.01,0.9649197571086574,0.9550488168726428,0.9874168011492773,0.032367984276634565,0.01067662784682893
K07027.01,0.007680159415651627,0.005373507720094419,0.037545715770966145,0.032172208050871724,0.03244039591777307
K07971.01,0.034434730684369155,0.022336903673987378,0.05433747919428752,0.03200057552030014,0.012647983890637846
K00152.03,0.9759931570172977,0.9529820257646912,0.9848620049152295,0.03187997915053831,0.010375685108300298
K00934.02,0.9698151342661836,0.9569664461734536,0.9888233032013838,0.031856857027930174,0.010542242731186563
K02828.01,0.948448010630573,0.9302715481140651,0.9620979934767506,0.03182644536268553,0.010231843396086732
K02469.01,0.9429817322761156,0.9265087562433147,0.9580234755864988,0.03151471934318406,0.01038219190993965
K07192.01,0.01570255602127347,0.010961951503755365,0.04219660633712713,0.031234654833371765,0.010347787938657378
K00708.01,0.9684018230596148,0.9536878223940489,0.9848568792107558,0.031169056816706897,0.010771253028421824
K03627.02,0.010056286243362453,0.0058470530783591166,0.03699113882692058,0.031144085748561465,0.012383513232302438
K03144.01,0.9393223414778791,0.9202050565243675,0.9506593266630002,0.030454270138632777,0.010880314908485579
K01713.02,0.9252042264118777,0.9099139712743374,0.9402058149004965,0.03029184362615911,0.008923574170143063
K06945.01,0.00866228787283997,0.00506345364914081,0.035174659168938076,0.030111205519797266,0.010057415346981907
K00386.02,0.9641504714958857,0.9480080912980252,0.9779696982310991,0.029961606933073925,0.012831283245750981
K08153.01,0.008589946567259563,0.004595643351022646,0.03432852573590366,0.029732882384881018,0.009137630868626399
K06058.01,0.01147540614575984,0.007319836638158553,0.03700606344528377,0.029686226807125213,0.023596420660469193
K00152.02,0.971204649087938,0.9561834390383616,0.9857696693209573,0.02958623028259577,0.00933401189631906
K02006.01,0.9528667987417331,0.9367056835356145,0.966284691083868,0.0295790075482536,0.008125512307617013
K00204.01,0.9685253281371289,0.9401513234484372,0.9696777168680075,0.029526393419570307,0.018387219435523478
K03833.01,0.04678866691683524,0.04254231977384041,0.0718174974582925,0.029275177684452085,0.00855012486565397
K02021.01,0.9562893230375684,0.9379711941468121,0.9671774688811122,0.029206274734300153,0.00894079396076541
K00598.01,0.9400347646133775,0.9247927323124557,0.9537849108153588,0.028992178502903032,0.010192521479546288
K05190.01,0.027478747525367758,0.0246260686480286,0.05350140495138751,0.028875336303358912,0.011817163015609878
K03849.01,0.035506643110838475,0.02898433130375518,0.05782112686840149,0.02883679556464631,0.010072288030982608
K00386.01,0.9732814570211566,0.9559059291977615,0.9847323432289473,0.0288264140311858,0.009784868028953099
K00988.01,0.9653145179207838,0.9466979866833062,0.9753194615647165,0.028621474881410314,0.008529875978689136
K00557.01,0.9561567181372195,0.9385479709244948,0.9670924728840848,0.02854450195959002,0.009008214939899421
K05025.01,0.006414411623854472,0.0032274279099839,0.03146223961550902,0.028234811705525123,0.016664470411033888
K00733.02,0.9414387695720428,0.9249614756785529,0.9530309320250642,0.028069456346511257,0.010034748946576603
K01861.01,0.9684305445345962,0.9516031986525266,0.979654420884123,0.028051222231596395,0.010249481958462552
K06089.01,0.02240417245974279,0.014305334210993321,0.042280262156396915,0.027974927945403592,0.009308438430475125
K00268.01,0.9514118850741742,0.9354620691792997,0.9634173883184896,0.027955319139189805,0.0091631211788196
K06828.01,0.016034157721250407,0.006874647855463383,0.0347022991350694,0.027827651279606017,0.008770110781405445
K01386.01,0.009396614312652547,0.006713819466896378,0.03442403475542184,0.027710215288525464,0.013355816097652623
K06880.01,0.02552489794717172,0.019663477241877867,0.047124041119920586,0.02746056387804272,0.008856309845659861
K00305.01,0.9483245711401038,0.9350610034151785,0.9623522632737028,0.02729125985852432,0.008317814115181356
K05317.01,0.016219469126077454,0.009817742494249632,0.037098922544886635,0.027281180050637004,0.009047892871853678
K00957.01,0.007014873214785987,0.0037199289471654545,0.030997945566849,0.027278016619683546,0.010423087692247828
K01835.01,0.9481658145483958,0.932870781275704,0.960014727364349,0.02714394608864501,0.009038108762584603
K00246.01,0.9642564525247941,0.9483812923336813,0.9754081027062566,0.02702681037257526,0.010013420440628033
K02725.01,0.019438899666995475,0.012020250103149175,0.039039598101250274,0.0270193479981011,0.008773004067917527
K01835.03,0.95987586081037,0.944713067292808,0.9715145374026456,0.026801470109837577,0.00890077618891265
K06543.01,0.016680809800873875,0.00572590936352023,0.03221927513489521,0.026493365771374983,0.008389954788121918
K06730.01,0.007641745719390185,0.0035561680189133862,0.029989460571311435,0.026433292552398048,0.010296275456862887
K01876.01,0.936621324967348,0.9273123806936417,0.9534949256311468,0.026182544937505048,0.00914098688825577
K01939.01,0.9574940042087056,0.9430948969549908,0.9691764577595756,0.02608156080458479,0.008322881752304997
K00408.01,0.9608721330447557,0.9418896409606987,0.9679685224218849,0.0260788814611862,0.009218267739407428
K00999.01,0.9318312085689535,0.9181483528922861,0.9440637017502856,0.02591534885799951,0.008851077784178695
K01714.01,0.011805602479470236,0.0050485065347157364,0.03087469766120082,0.025826191126485085,0.008593759166101401
K01595.01,0.970052721523569,0.9600926289378999,0.9858191288868731,0.025726499948973136,0.009519223677008203
K04953.01,0.04385255651629533,0.02771099925618236,0.05310508084700742,0.02539408159082506,0.009949512829215029
K01201.01,0.9413653827525817,0.9220968655353741,0.9473310803239142,0.025234214788540155,0.008348246658701259
K06032.01,0.011370377180615227,0.005744986220947343,0.030854670140421838,0.025109683919474494,0.008998354031507408
K04608.01,0.01097292807409669,0.0072528460654979225,0.03218788451954609,0.024935038454048163,0.011456611694716302
K01350.01,0.016441765537516206,0.008682918130929976,0.03355433099269001,0.02487141286176003,0.008671920074508985
K02073.01,0.9583431120903083,0.9446210030715813,0.969484600399633,0.024863597328051767,0.006932390047397137
K07177.01,0.03745891487945576,0.023733067304332337,0.04841890175541687,0.02468583445108453,0.008275969468091605
K07689.01,0.016338650558186826,0.009780748487409445,0.03443039789224219,0.024649649404832746,0.00792335664052283
K02315.01,0.9598077021538134,0.9446904824157576,0.9692614974224341,0.024571015006676467,0.008468710039972968
K00464.02,0.9676271233043058,0.9560012316726247,0.980570737974858,0.024569506302233313,0.00787191069204337
K06948.01,0.02295125988665472,0.008058142145539902,0.032565330885685854,0.02450718874014595,0.012714810107857456
K03509.01,0.040149336131366134,0.033407057708043676,0.05785875860081967,0.024451700892775992,0.009219277251151617
K05944.01,0.011629573985820657,0.008369971258258222,0.032730394674364074,0.02436042341610585,0.006696341245360508
K00443.01,0.9660369638475007,0.9504222138412254,0.9747540175923761,0.024331803751150738,0.01811607816935816
K00864.02,0.9578091768550325,0.9411416494992253,0.9652526296723379,0.02411098017311264,0.007900872427851294
K07994.01,0.01078046471658987,0.005630570144587204,0.029687493502351243,0.024056923357764038,0.008058663258823331
K00771.01,0.037855436088538086,0.031528159149791866,0.05485147058501277,0.0233233114352209,0.008418811690516108
K04087.01,0.9268193506648238,0.9130049248010594,0.9361388604704126,0.02313393566935318,0.009233334651106595
K02505.01,0.028086444667568277,0.01758845954007707,0.040487823283247314,0.022899363743170243,0.007641236349644864
K05542.01,0.008758326857529211,0.006326308304343583,0.029109147449238627,0.022782839144895043,0.007330017733286102
K08109.01,0.03834241044410623,0.02952749086029748,0.05229648182360409,0.022768990963306607,0.009199569974049334
K07231.01,0.017589648863026143,0.006451630019893348,0.029133655773334433,0.022682025753441085,0.008084273572855261
K00548.01,0.9711220788704585,0.9597188865160519,0.9823719711409024,0.022653084624850495,0.008044472128486326
K02519.01,0.94524745829854,0.9291056364201454,0.9516038237866328,0.022498187366487343,0.00786418302231949
K01499.01,0.9707089530114867,0.9540270464048338,0.9765163639719222,0.022489317567088385,0.006484122592491034
K01870.01,0.9735224729896776,0.9650956710807687,0.9875105293975787,0.022414858316810005,0.006314072727185711
K07874.01,0.020185846734070208,0.011030862350317092,0.03340950673118756,0.02237864438087047,0.006801292658765767
K06811.01,0.020260933981196376,0.012166366790050639,0.03408490818169038,0.02191854139163974,0.006691925169957391
K00276.01,0.9659466388765856,0.957879184195089,0.9797903088016798,0.021911124606590837,0.006203355396527305
K07020.01,0.015059771719320715,0.007060859161505091,0.0289356691019911,0.02187480994048601,0.007178003557349825
K07030.01,0.007924274852945353,0.005072967493458543,0.026672764122199006,0.021599796628740463,0.005793001603706699
K00408.02,0.9621296537150157,0.9494485388329477,0.9707858688182652,0.021337329985317566,0.006681859201950141
K03643.01,0.008838950544623407,0.005360263211802261,0.02662817020254453,0.02126790699074227,0.010518902413594646
K04000.01,0.0272261769319777,0.01703895566282454,0.03810039305566304,0.0210614373928385,0.006320271118180998
K01284.01,0.020330853393678412,0.011020703169307429,0.03186360458140554,0.02084290141209811,0.040213183059487116
K00448.01,0.9517380960300424,0.9413667139445545,0.9619553539886457,0.020588640044091222,0.0060772449950586265
K06047.01,0.010959217562937648,0.005787650216113733,0.026244128779487758,0.020456478563374025,0.0582476804082222
K03624.01,0.01815080704602938,0.006497806495099094,0.026935730893812532,0.02043792439871344,0.006874998354284937
K06947.01,0.011713596749802192,0.005176819544913173,0.02527523951106749,0.020098419966154316,0.007042933226001486
K00952.01,0.9693805948715312,0.9560986552920194,0.975880491501002,0.01978183620898255,0.0059298627956645925
K01867.01,0.9436239382529985,0.9311961033816981,0.9509531644358457,0.01975706105414754,0.00538982615007992
K01301.02,0.9579990297585474,0.9445379292788527,0.9642331795133132,0.019695250234460504,0.006812039772177021
K00468.01,0.9692066185571611,0.9543723379080715,0.9740595294665327,0.019687191558461214,0.00660970036887174
K06442.01,0.014700854562707966,0.009279631010405407,0.02895922247812993,0.019679591467724522,0.006333850067272406
K00156.02,0.9439571992536306,0.9289923107892776,0.9484699103055476,0.01947759951627004,0.0063918393983514255
K06854.01,0.02497896546824862,0.014766196729441143,0.03411742091328641,0.019351224183845266,0.006134459810500903
K06421.01,0.011912606414533379,0.007547778108816676,0.026877392374624325,0.01932961426580765,0.005734960096903328
K01713.01,0.9628123057359455,0.9470842177065629,0.9663773333652389,0.019293115658675974,0.007133024824798103
K00968.01,0.018513080152430743,0.013077033272182882,0.03214748764358536,0.01907045437140248,0.006460570849386072
K02651.01,0.9666993206972002,0.9549820867281732,0.9740463183815711,0.01906423165339788,0.006120516788811222
K00864.03,0.9703907797238276,0.9577510816328718,0.9768123167060855,0.019061235073213667,0.006605181013308626
K03616.01,0.0064911724877255265,0.005060901572356566,0.02404882331479266,0.018987921742436097,0.0053827969456949004
K06049.01,0.021890728584551808,0.01996141102500146,0.03877969242274085,0.018818281397739386,0.026558316231808578
K00810.01,0.9632774156114903,0.9497220444071017,0.9684867762087753,0.018764731801673595,0.006432310263846262
K00486.01,0.9758970402913328,0.9666980687107509,0.9854449096581167,0.018746840947365784,0.005079471675833473
K06803.01,0.011724176254761054,0.005526955974200475,0.02424466417344377,0.018717708199243295,0.013053309907438342
K01649.01,0.96425019822853,0.9551254533741652,0.9735253094433044,0.018399856069139187,0.007001434868297189
K02669.01,0.013672667799007426,0.008704584197401133,0.026990517890139655,0.018285933692738524,0.00618756957141941
K03893.01,0.9595786456982665,0.9473757342812724,0.9656202275920638,0.018244493310791365,0.005419907866513716
K00524.01,0.9577082956274734,0.9482952480818114,0.966361201527619,0.018065953445807525,0.005912767581685349
K00898.01,0.9583207676073119,0.9478840681767731,0.9654430576910764,0.017558989514303347,0.005964499092269083
K07452.01,0.008704234793802747,0.005238469826551465,0.022669210017841713,0.017430740191290248,0.005905931818422156
K07310.01,0.017110236706185437,0.010470599275779448,0.027820051203169254,0.017349451927389806,0.006114171169839532
K07525.01,0.006726249123332726,0.005265935194772751,0.022508800967285896,0.017242865772513147,0.005771798525548031
K06566.01,0.013849549521294503,0.010172263350085742,0.027342232088217008,0.017169968738131265,0.006993341833347474
K06515.01,0.008979957207401936,0.005097396816523731,0.022254931205307464,0.017157534388783733,0.006627781413606711
K06412.01,0.008878862648556567,0.0052177275156555444,0.022322426800975296,0.01710469928531975,0.005434608567509099
K06458.01,0.009672828719492467,0.005703033017158854,0.022777984206360166,0.017074951189201312,0.02448247239690764
K04472.01,0.012879220748540678,0.006097597996882743,0.023030185216785036,0.016932587219902293,0.004943331340229274
K06403.01,0.02683461765283129,0.016571161205466638,0.03343293157377305,0.01686177036830641,0.005179465064063819
K06326.01,0.007180520966104727,0.003609864339211353,0.02038005464615939,0.016770190306948037,0.0576333369104306
K08190.01,0.0055197782060580885,0.00367270144148972,0.0203867342644622,0.01671403282297248,0.0053056807466279445
K07601.01,0.0402489964289944,0.028626018170344405,0.04527575111926006,0.01664973294891566,0.007964691263499253
K01224.01,0.012592996719597689,0.0062706077901330095,0.02283150870033758,0.01656090091020457,0.005742560946840758
K00744.01,0.007678262761611,0.004725354637114093,0.02128380629459186,0.01655845165747777,0.004592101123517855
K01996.01,0.9481291702410225,0.940402926869842,0.9568832227523364,0.016480295882494445,0.0053801749497237065
K01387.01,0.008132270084796132,0.0049873041431168896,0.02140267094875883,0.016415366805641943,0.004981956673340573
K06715.01,0.006006375385751002,0.004132537339273721,0.02052051672590971,0.01638797938663599,0.005601807985831792
K00752.01,0.9681271920438921,0.9593875549611437,0.9756529062049643,0.01626535124382056,0.0052439281299424285
K05786.01,0.011204134069237391,0.006839846375946578,0.022856682775077592,0.016016836399131013,0.00552964876435189
K01426.01,0.969204713770977,0.95969191547142,0.9756848142791545,0.01599289880773458,0.004957832339722831
K07318.01,0.005240871831088055,0.0030218529717163916,0.01894094208825895,0.015919089116542558,0.004848804652743338
K06048.01,0.02573549569102104,0.012146940336007064,0.027855178500798085,0.01570823816479102,0.004927509782960993
K01596.01,0.9296419645563122,0.9153897583825965,0.9310927290025134,0.01570297061991688,0.005672584217564285
K00657.01,0.9743524866056563,0.9645980620726882,0.9802925947069907,0.015694532634302538,0.00459372877395606
K03322.01,0.007685508983278749,0.00494295417595977,0.020591862343136952,0.01564890816717718,0.0039626128682169
K07299.01,0.008531816033467017,0.005156812127883688,0.020524032877045385,0.015367220749161697,0.005309391893657794
K06014.01,0.011834296012162654,0.009434931665098394,0.024772121105302327,0.015337189440203933,0.004954549409239792
K08065.01,0.012301106739332933,0.01169225529281065,0.02697054343581556,0.015278288143004911,0.006466860438660498
K06162.01,0.009965341124739121,0.006387364845204517,0.021512179902990425,0.015124815057785908,0.02123216806962219
K05478.01,0.017700867837276087,0.01299267499213131,0.028074940160029982,0.015082265167898672,0.0052631397271567645
K04696.01,0.013005882497039451,0.00751221216711125,0.022410901003090126,0.014898688835978877,0.005478241322742276
K00870.02,0.9567783398638654,0.9512123035884492,0.966061093486375,0.014848789897925818,0.005621559498498312
K00484.01,0.9638868534197301,0.9537676789148769,0.9684698286966801,0.014702149781803175,0.004434498895493417
K06124.01,0.017980931847442268,0.012189047443253736,0.026886382390772838,0.014697334947519103,0.004246058945714626
K02290.01,0.9520370415219265,0.9420016915696222,0.9565832881404318,0.014581596570809596,0.005383190015281526
K03626.01,0.00859919642346696,0.004509709491332921,0.01908887278731687,0.01457916329598395,0.00519464134145651
K07373.01,0.009308877392308698,0.006356656003006855,0.02090180980993421,0.014545153806927356,0.004239607528348365
K05508.01,0.008138471569710249,0.00518925113953592,0.01971618137768437,0.01452693023814845,0.005008984254955031
K03188.01,0.016658476956970408,0.011276900248772894,0.025768330923625432,0.014491430674852538,0.005088293611874692
K06999.01,0.008451385467518105,0.004551023160093883,0.018936003035765113,0.014384979875671229,0.005250433660575236
K00448.02,0.9328489687308406,0.9286221330142601,0.9424754709054614,0.013853337891201245,0.005020077468955575
K03745.01,0.00557052646835216,0.00557052646835216,0.019312534748640614,0.013742008280288454,0.00682197480506882
K00156.01,0.9712032329729942,0.9630476364338658,0.9762780048718865,0.013230368438020723,0.004406860491278059
K08243.01,0.003945911988289684,0.0033605468511492893,0.016569590493024727,0.013209043641875438,0.005090929981284534
K03560.01,0.01657455333735314,0.009306535865258819,0.022300141274250528,0.012993605408991709,0.004110100975626262
K07487.01,0.00627087191952415,0.003321368238816345,0.016049790875099834,0.012728422636283489,0.007284755789378249
K03990.01,0.00710479137086392,0.004401492176471644,0.017024454814583662,0.01262296263811202,0.003910654051161561
K00952.04,0.9579508381318297,0.9521633584719443,0.96473627451932,0.012572916047375648,0.0038016685129238135
K00248.03,0.9630043639205301,0.9538452692095848,0.9663733182084213,0.012528048998836527,0.003179200442914979
K07211.01,0.011319422565343068,0.006848505998253772,0.019342535323227102,0.01249402932497333,0.004168565716285958
K00936.01,0.9743227124433468,0.9633735501927939,0.9757680651924682,0.012394514999674255,0.003912512636928146
K02073.03,0.977834080998769,0.970632051204511,0.9829921883298363,0.012360137125325243,0.004224744426502625
K06201.01,0.006707977977243002,0.004976098336117142,0.01724824668053481,0.012272148344417668,0.0043029947776316
K06327.01,0.010496139657011542,0.007609759358875448,0.01986845906594099,0.012258699707065543,0.004147734064692812
K06072.01,0.007359299956451902,0.005030829743247257,0.01726140500319871,0.012230575259951453,0.004478075313412836
K01430.02,0.9755434753931986,0.9672760491886276,0.9793179847015299,0.012041935512902224,0.004624240484986698
K03605.01,0.017133859832435656,0.013268006610692443,0.025308185978788346,0.012040179368095903,0.004020863813990241
K00657.02,0.9658184810244379,0.9569554995216493,0.9689514932102982,0.011995993688648898,0.008843702179480436
K07699.01,0.004098651168467889,0.0029847009212494364,0.0148602464332303,0.011875545511980863,0.003296659691456402
K06303.01,0.009704998352684801,0.007130527038316373,0.018948695627778775,0.011818168589462403,0.004128420630234681
K06167.01,0.01403627767224039,0.009147965146787248,0.02095361056550454,0.011805645418717292,0.004467818278732698
K00870.01,0.9659487893671197,0.9568906594148773,0.9686192756917159,0.011728616276838633,0.003929024439396432
K07682.01,0.012427508609377028,0.007066148241554173,0.0187329409330155,0.011666792691461328,0.0034879053524602063
K06251.01,0.01148214715022361,0.006438665430912468,0.01801742593848174,0.011578760507569272,0.006320792394248144
K00979.01,0.026011021287245934,0.025857799184036443,0.037433975118518245,0.011576175934481802,0.010721400882309967
K01726.01,0.9740622949190609,0.9656565169911713,0.9772017004629956,0.011545183471824316,0.003888262383962821
K03466.01,0.0074935398852210445,0.005810009903218977,0.017270666697552416,0.011460656794333439,0.002992527491165024
K06296.01,0.031551160841766505,0.023201042607542854,0.0346422096975013,0.011441167089958446,0.004116885877155383
K04052.01,0.010621217847186115,0.0072396027967984,0.018660651733980446,0.011421048937182047,0.004077096013178004
K05045.01,0.007772892367277464,0.0031539579105152793,0.01454584953829021,0.01139189162777493,0.00543406836650454
K00248.04,0.9660246997544456,0.9614136720175543,0.9727509752343657,0.011337303216811367,0.003572334170475583
K05305.01,0.008965554506705142,0.0054938690222191425,0.0167015919128376,0.011207722890618457,0.0039236475788566386
K04731.01,0.008140776226167446,0.005290076254002872,0.01649287689572141,0.011202800641718538,0.004411500017677887
K06737.01,0.010404897101956715,0.007305818915926128,0.018429401508007377,0.011123582592081249,0.003517692953007455
K06109.01,0.01181479685096749,0.007220456138058426,0.018335115228350737,0.01111465909029231,0.0034215507608663953
K01867.03,0.9609172779434424,0.9527598911663918,0.9638598109361644,0.011099919769772537,0.004879251945033518
K00457.01,0.9744383429399459,0.9668381693754358,0.9779187078051044,0.011080538429668607,0.003733227019019769
K05417.01,0.008749406161003708,0.005686796652640824,0.016734069508039687,0.011047272855398863,0.004552729088672107
K03647.01,0.008117651451967795,0.0033011065772651184,0.01428203700401642,0.0109809304267513,0.0032735179684004385
K03795.01,0.006738556731056993,0.004486561038635161,0.01534466901500711,0.010858107976371949,0.004177665773404214
K00747.01,0.9655593844636929,0.9605387680560549,0.9713194525850152,0.010780684528960305,0.0037190401469696763
K07077.01,0.020822325092097412,0.01320294831147939,0.02398156109961652,0.010778612788137128,0.004179272282019186
K07075.01,0.007731503980516488,0.0034559909939531857,0.014209884572352251,0.010753893578399065,0.020740383063793326
K03757.01,0.0074971576780821,0.00556592390059933,0.016004798182995862,0.010438874282396532,0.013136534335621768
K06677.01,0.017425708208325202,0.01257642142313513,0.022950667160076415,0.010374245736941285,0.012933046940476502
K02835.01,0.9692180950853319,0.963022280337302,0.9732805481775901,0.01025826784028816,0.0029718999717589633
K06920.01,0.0069232963820969,0.004054662435397101,0.014182854424486802,0.0101281919890897,0.0033147703436198
K00248.01,0.969304797973065,0.9611034674503658,0.9711771083277273,0.010073640877361512,0.0040337701436064305
K06594.01,0.008734970161084658,0.00603908945858266,0.016091428740034622,0.010052339281451963,0.003169702014200098
K03629.01,0.008900057463852395,0.003561079098674195,0.013584263338452572,0.010023184239778377,0.0036006270907243767
K07349.01,0.00923186210951766,0.005205437775828086,0.014908825437280887,0.009703387661452801,0.003180831768479025
K07238.01,0.008973083400862177,0.0035403468569102496,0.01312764427976856,0.00958729742285831,0.005780495538511847
K06903.01,0.01815895705689219,0.011326565748403605,0.02063220898315446,0.009305643234750855,0.0031947366909158685
K07407.01,0.00937912477854304,0.004197668684119672,0.013414024161572087,0.009216355477452415,0.003525999346842454
K07145.01,0.007038035720325177,0.005845085572561133,0.015055533567416799,0.009210447994855667,0.0037999589350076537
K06629.01,0.012035300062154888,0.006811566604573945,0.01600586173951171,0.009194295134937764,0.01771055010934535
K06986.01,0.012893117911202876,0.009933286684632446,0.01897537868488885,0.009042092000256406,0.002925409076322602
K07057.01,0.013352096294070474,0.010003787462242595,0.01903801249783208,0.009034225035589486,0.0024261622487957834
K01577.01,0.9644205288384513,0.9590003234939547,0.9680104216439391,0.009010098149984436,0.003720799014737951
K07149.01,0.009468517369894245,0.00687483069230495,0.015832270022860345,0.008957439330555395,0.004842117937652852
K03359.01,0.00899223168501103,0.006343031749456564,0.015125471574822063,0.008782439825365498,0.02918907763015768
K07254.01,0.009398988938155656,0.006349811220757306,0.015065964512582655,0.00871615329182535,0.002758909696424883
K07391.01,0.005373726818085645,0.0033356877056861323,0.012010547361049305,0.008674859655363173,0.002751170144811409
K08098.01,0.003048868707033711,0.0021035928128817685,0.010648174841963747,0.008544582029081978,0.002862926002897975
K07164.01,0.011403661328218316,0.006040755793521646,0.014480299805078617,0.008439544011556971,0.02571217820907197
K06958.01,0.00849445240656339,0.004041966567829506,0.01238945963435065,0.008347493066521144,0.0028875732997002378
K06814.01,0.007479663021165187,0.0048133788483835285,0.013094296474361318,0.00828091762597779,0.0031258115790608553
K07398.01,0.017725764578275165,0.014804033801915686,0.02307643394327438,0.008272400141358693,0.007179170818862149
K03807.01,0.005143852506421169,0.003939711879011044,0.012113556664902676,0.008173844785891633,0.003072777446656753
K07257.01,0.0066961637790344045,0.003962888938131732,0.012079134028058262,0.008116245089926529,0.003182592107222688
K01298.01,0.9704088953871666,0.965881833913104,0.9739271037027533,0.008045269789649256,0.002119486999281647
K07351.01,0.006990535930628896,0.00527748863137153,0.013232410388785852,0.007954921757414322,0.0028401660760179175
K06147.01,0.009555413609226723,0.005989782512976997,0.01382959617165003,0.007839813658673034,0.0031058017025956666
K05695.01,0.008929108704361128,0.0038179837504674643,0.011554972882582797,0.007736989132115332,0.0030494555238829114
K06576.01,0.009510043907318818,0.005230854602966446,0.012953121619951224,0.007722267016984778,0.007303926746853846
K00898.02,0.9709253188455094,0.9655624339399128,0.9731219606266445,0.007559526686731655,0.0034484098935583774
K07492.01,0.007499270309145992,0.004255518245796721,0.01176732424070448,0.0075118059949077585,0.018341809081032025
K06321.01,0.0065280242377804745,0.004836888876953767,0.012344102916050472,0.007507214039096706,0.002070815238558615
K03842.01,0.013105838593121257,0.011620792755809836,0.019081509317994603,0.007460716562184767,0.002257685917603951
K00952.03,0.954991990617286,0.9484064713371677,0.9558274637313049,0.0074209923941371825,0.003660480380349555
K06951.01,0.013672047977669115,0.010305937870702409,0.017714249789948937,0.007408311919246529,0.002385096596019069
K03449.01,0.009590009055506117,0.007102328513782455,0.014498894929859243,0.007396566416076789,0.0022840581298052276
K06608.01,0.013717050841394064,0.008773084433406783,0.016163912188356406,0.007390827754949623,0.0024297266418953855
K06337.01,0.008051271839433077,0.005629797745972572,0.012984541866974265,0.007354744121001694,0.002624259235204408
K03518.01,0.008371827414281621,0.005927382503709725,0.013263553902386205,0.00733617139867648,0.0023959170860023233
K06564.01,0.008369316379690434,0.005420733288656847,0.012698789768131165,0.007278056479474318,0.0022028846610469546
K06196.01,0.0073737296673350855,0.004060654264681731,0.011287786452130492,0.007227132187448761,0.007495051101204389
K07055.01,0.0052307730471544255,0.003704025481512633,0.010928703717897009,0.007224678236384376,0.003014332991074405
K07363.01,0.010613405247170776,0.006098639181264137,0.013315556855878895,0.007216917674614758,0.0024214725813659667
K06190.01,0.009944075167810344,0.00649473465169912,0.013685783103199602,0.007191048451500481,0.041337342337284914
K06901.01,0.010738043731357267,0.007594731344971536,0.0145800304209485,0.006985299075976965,0.0024151851586689814
K07295.01,0.006447857208271757,0.004979107135534206,0.011955948842374258,0.006976841706840052,0.0019979948748014
K06034.01,0.004381970818970795,0.003335950369879632,0.010194505091064706,0.006858554721185074,0.002046463161205383
K06589.01,0.0036115731969776545,0.002259178571884547,0.009092705652178942,0.006833527080294395,0.0024231619192814553
K06621.01,0.00976787824119363,0.009519466992067228,0.016345914404831886,0.006826447412764659,0.0026939636124400437
K00117.01,0.9818134735290749,0.9756247570104074,0.982390975632733,0.006766218622325626,0.0027128579964508324
K06580.01,0.005071385408828912,0.0032765342561366286,0.010000311862058294,0.0067237776059216655,0.001957466683028345
K03618.01,0.008476759132229773,0.00646913682890185,0.013066797845196399,0.0065976610162945485,0.002152470186784493
K03704.01,0.006993851833688803,0.004521319847405112,0.011111099782805644,0.006589779935400532,0.0033119620961649153
K06396.01,0.008611851133714285,0.004347346013891911,0.010926894952436466,0.006579548938544555,0.002265356732741406
K07433.01,0.004807408563912185,0.0025906472789256653,0.009163243811924666,0.006572596532999001,0.0020769373519733585
K06708.01,0.009710562997173669,0.0061137947076925145,0.012655744265578507,0.006541949557885993,0.002175916455369619
K00952.02,0.9588018741923766,0.9546490853483514,0.9611863524654782,0.006537267117126877,0.0025311523202854293
K07280.01,0.003914376705434337,0.003113899992413723,0.009547185233729704,0.006433285241315981,0.00245607076824706
K05894.01,0.003601121560347295,0.002229947846637717,0.008648648676264043,0.006418700829626326,0.002744814830869402
K03620.01,0.009165554263445624,0.007590600471078319,0.013962105664652839,0.00637150519357452,0.002098685209123303
K07108.01,0.00628643818561659,0.004131941016849493,0.010365884471997268,0.006233943455147775,0.030435985964408725
K06040.01,0.00944341854103429,0.00725881623486656,0.013477990486334671,0.006219174251468111,0.0017872182159418117
K03553.01,0.00984851813408511,0.007570127675408303,0.013688145029859338,0.006118017354451034,0.0020285060591201643
K03511.01,0.016476647670632494,0.014114349461475217,0.020114299056195738,0.00599994959472052,0.0023044279120455215
K08087.01,0.05289693927575444,0.05289693927575444,0.058794426186499923,0.005897486910745486,0.0028450547329418106
K06597.01,0.007436649056167425,0.005300974849724088,0.011090712709092222,0.005789737859368134,0.002025844376920362
K07071.01,0.006927630515156992,0.0055586501345000604,0.011344350028901848,0.005785699894401787,0.0030785235142534073
K07371.01,0.008507677874505694,0.005976791938775161,0.0117249948514853,0.005748202912710138,0.0017727312585069468
K07536.01,0.0075495165892440035,0.005438609102141309,0.011171070008808456,0.005732460906667147,0.0019505243233508313
K03351.01,0.005561300167433404,0.004004753096449432,0.009650666658373263,0.00564591356192383,0.0016991179863933739
K07526.01,0.009344237865848414,0.006998246938727844,0.012563166294373682,0.005564919355645838,0.0017341798707576177
K06504.01,0.006880635659589405,0.006001392174607852,0.011528247306468035,0.005526855131860183,0.001859746677531356
K03342.01,0.006601187653287559,0.005371448657268941,0.010791309365418228,0.005419860708149287,0.0016483860110995921
K06273.01,0.00837289255402415,0.004969572944881139,0.01036136405568344,0.005391791110802301,0.0015587494400945597
K06445.01,0.0047434578280771715,0.003496220498033454,0.008692583281299794,0.00519636278326634,0.0020718978573340406
K03993.01,0.008217533127909411,0.00774367684350698,0.01287784132970732,0.00513416448620034,0.0014196416930261772
K06117.01,0.00968688348934429,0.008187664192415187,0.013300256603111045,0.005112592410695858,0.0016630783559457348
K06380.01,0.00498193055319699,0.003287043567066971,0.008395881868421464,0.005108838301354493,0.002106925092845874
K07405.01,0.006391481710895757,0.004699364816811246,0.009790324039899401,0.005090959223088155,0.0223338628197929
K06773.01,0.008475980223452438,0.006735540283186986,0.011724915249788668,0.004989374966601682,0.0017920945452966517
K06294.01,0.00857342530600362,0.006019083512325796,0.010910505279046322,0.004891421766720526,0.001495163229058041
K03962.01,0.0052534321701325154,0.0040104726983130464,0.008735608577083357,0.004725135878770311,0.001650762861389222
K05351.01,0.006315283973372686,0.004503866696041286,0.009137764297342416,0.00463389760130113,0.0013956584759580407
K06953.01,0.004709683769696657,0.003141392151432277,0.007668707524867101,0.0045273153734348235,0.0036366145713175612
K07533.01,0.006915893186843254,0.006146376172041343,0.010579803807418416,0.004433427635377072,0.0011962385531782511
K05738.01,0.009973619462252663,0.008063634958771776,0.012416023815171057,0.004352388856399282,0.0015703198619170125
K06067.01,0.01616413861729078,0.015391043552346897,0.01971046822681805,0.004319424674471151,0.00207992919446533
K06961.01,0.017913773942896852,0.01643253568995062,0.02067031440306935,0.004237778713118732,0.0018296251477998647
K03772.01,0.012361737975196406,0.008177354723706471,0.012376978247591418,0.004199623523884947,0.0012596488612672521
K07043.01,0.006182385784625413,0.004253993131582271,0.008276779462857292,0.004022786331275021,0.0014824888491422005
K03630.01,0.004458490719257615,0.003346307346472843,0.007357552370940996,0.004011245024468153,0.0012455053564535941
K06312.01,0.008257314941834945,0.007249623775709461,0.011245651288627782,0.003996027512918321,0.0012265711472464716
K05700.01,0.007159204689742626,0.004798251702185347,0.008733695529641101,0.003935443827455754,0.0013233083138448484
K06990.01,0.006193493567836605,0.004033435915373322,0.007769180968291803,0.0037357450529184807,0.0013119053543142157
K07417.01,0.004457622479704179,0.003300195810268283,0.007018633061991957,0.0037184372517236742,0.002015380443637691
K07221.01,0.006661365466213626,0.0053249800811873225,0.008869193305540557,0.003544213224353235,0.0012666091941541929
K06319.01,0.0109714670491245,0.009097098368123216,0.012511181485557374,0.003414083117434158,0.0017608290368922182
K03739.01,0.0058166859392157245,0.00493074783238952,0.008165034623043486,0.003234286790653966,0.0010626647419469317
K06820.01,0.00461677059562611,0.002949914761294907,0.006153508067718643,0.0032035933064237356,0.0010646085425274686
K05516.01,0.007194276074572794,0.004225851054857772,0.007194276074572794,0.0029684250197150215,0.000987272294551887
K06717.01,0.00640216234042245,0.005275794829148014,0.008203919176635398,0.002928124347487384,0.0010669033489102597
K06317.01,0.004477258664781655,0.0033130427611363132,0.006152740478425802,0.0028396977172894886,0.0018193138893233686
K03855.01,0.004530347797769761,0.0039792474195857845,0.006764564231926401,0.002785316812340616,0.0012391592752653386
K07867.01,0.0037039886795918638,0.002407835412421094,0.005133569773799624,0.0027257343613785305,0.0015941116691480944
K06833.01,0.0037583173380665285,0.0026815029051727745,0.005262283047956787,0.002580780142784013,0.0008833749658561058
K04106.01,0.003332849786684568,0.002405689060700664,0.004829570996525295,0.0024238819358246306,0.0007948161260573737
K07146.01,0.004857719035912611,0.0037785443545610867,0.006169680336708348,0.0023911359821472615,0.0010462233026913917
K07159.01,0.013950951594508322,0.01344575921082104,0.015801466817129142,0.002355707606308103,0.0014099848928193813
K07424.01,0.005227442929350231,0.0042238845347755336,0.006458316994589427,0.0022344324598138933,0.0007302341723174182
K06623.01,0.002444736945546953,0.0017039354181418679,0.003792834588730314,0.002088899170588446,0.0006103722389021067
K06602.01,0.0036321078938574987,0.002743399961331968,0.004620544699999639,0.0018771447386676707,0.000577098691427172
K03682.01,0.008334285111358768,0.006462828209043749,0.008334285111358768,0.0018714569023150192,0.0008805435530754234
K04077.01,0.0049013234602016155,0.004236903649687057,0.006096415306130534,0.0018595116564434772,0.0006271360073763059
K07062.01,0.0035870901833144754,0.0024880655318831354,0.004102095084926632,0.0016140295530434963,0.0005633223186148261
K07275.01,0.0027429594250392396,0.0021184530443208965,0.003671091315941172,0.0015526382716202756,0.0005345489445401974
K03636.01,0.00883582590744174,0.007659319738624209,0.00883582590744174,0.001176506168817531,0.0005835999598614006
K04028.01,0.015864164261506684,0.015272816228731516,0.016277137377698623,0.0010043211489671067,0.000914757923750565
K03895.01,0.005940967022925854,0.005940967022925854,0.006932308776899549,0.0009913417539736949,0.002732971800962293
K03700.01,0.002661881100616663,0.002548852329618996,0.0032978728265721,0.0007490204969531041,0.0001979420730465555
K03655.01,0.010230142543266853,0.010230142543266853,0.01096479833723082,0.0007346557939639665,0.00032780050848240684
K06042.01,0.0032788763038217434,0.0031135495485818585,0.0037952656122310527,0.0006817160636491942,0.0005194482926939078
K03055.01,0.006536014738933745,0.006536014738933745,0.0068226102060395585,0.00028659546710581383,0.0002492760847921481
K07168.01,0.06876711584660845,0.06876711584660845,0.06876711584660845,0.0,1.1158161231197418e-16
K06946.01,0.023383297775943446,0.023383297775943446,0.023383297775943446,0.0,4.184310461699032e-17
K07368.01,0.2913761768040579,0.2913761768040579,0.2913761768040579,0.0,4.463264492478967e-16
K03211.01,0.05518447646095215,0.05518447646095215,0.05518447646095215,0.0,0.0
K07973.01,0.004377994189593987,0.004377994189593987,0.004377994189593987,0.0,4.358656730936491e-18
K06886.01,0.0048942403641859715,0.0048942403641859715,0.0048942403641859715,0.0,6.973850769498386e-18
K03857.01,0.006637579893859718,0.006637579893859718,0.006637579893859718,0.0,4.358656730936491e-18
K06728.01,0.007709253165294287,0.007709253165294287,0.007709253165294287,0.0,8.717313461872982e-18
K07718.01,0.32862760804125857,0.32862760804125857,0.32862760804125857,0.0,3.3474483693592255e-16
K07324.01,0.14620173058514851,0.14620173058514851,0.14620173058514851,0.0,3.06849433857929e-16
K06203.01,0.04959809622227837,0.04959809622227837,0.04959809622227837,0.0,1.3947701538996772e-17
K05928.01,0.3809766625851928,0.3809766625851928,0.3809766625851928,0.0,1.6737241846796128e-16
K03773.01,0.07406535593752082,0.07406535593752082,0.07406535593752082,0.0,1.9526782154595481e-16
K08179.01,0.3956867269937204,0.3956867269937204,0.3956867269937204,0.0,3.3474483693592255e-16
K08011.01,0.004522214304300007,0.004522214304300007,0.004522214304300007,0.0,5.23038807712379e-18
K08013.01,0.0017630493512266374,0.0017630493512266374,0.0017630493512266374,0.0,2.3972612020150702e-18
K03645.01,0.006592870542011755,0.006592870542011755,0.006592870542011755,0.0,9.589044808060281e-18
K06048.02,0.058242330708978225,0.058242330708978225,0.058242330708978225,0.0,8.368620923398064e-17
K07946.01,0.38586097871288755,0.38586097871288755,0.38586097871288755,0.0,5.021172554038837e-16
